position	min_median_affinity
0	92.42
1	92.42
2	92.42
3	92.42
4	89.41
5	84.69
6	69.59
7	69.59
8	69.59
9	69.59
10	69.59
11	69.59
12	69.59
13	56.96
14	43.42
15	29.63
16	29.63
17	29.63
18	29.63
19	29.63
20	29.63
21	29.63
22	29.63
23	29.63
24	20.34
25	20.34
26	20.34
27	20.34
28	20.34
29	20.34
30	20.34
31	11.49
32	7.79
33	7.79
34	7.79
35	7.79
36	7.79
37	2.43
38	0.67
39	0.67
40	0.67
41	0.67
42	0.67
43	0.67
44	0.67
45	0.67
46	0.67
47	0.67
48	0.67
49	0.67
50	0.67
51	0.67
52	0.67
53	1.76
54	11.39
55	27.96
56	26.36
57	13.79
58	8.6
59	7.28
60	7.28
61	7.28
62	7.28
63	7.28
64	7.28
65	7.28
66	7.28
67	7.28
68	7.28
69	7.28
70	7.28
71	7.28
72	7.28
73	7.28
74	8.97
75	11.25
76	16.49
77	17.3
78	22.46
79	27.84
80	27.84
81	27.84
82	27.84
83	16.01
84	3.1
85	1.99
86	1.99
87	1.99
88	1.99
89	1.99
90	1.99
91	1.99
92	1.99
93	1.99
94	1.99
95	1.99
96	1.99
97	1.99
98	1.99
99	1.99
100	2.04
101	5.26
102	16.49
103	16.49
104	16.49
105	16.49
106	16.49
107	16.49
108	16.49
109	16.49
110	16.49
111	16.49
112	16.49
113	16.49
114	16.49
115	20.69
116	22.79
117	22.79
118	22.79
119	22.79
120	22.79
121	22.79
122	22.79
123	22.79
124	22.79
125	22.79
126	22.79
127	22.79
128	22.79
129	25.59
130	47.15
131	54.54
132	61.15
133	61.15
134	35.31
135	19.62
136	12.62
137	12.62
138	12.62
139	12.62
140	12.62
141	12.62
142	12.62
143	12.62
144	12.62
145	12.62
146	12.62
147	12.62
148	12.62
149	12.62
150	12.62
151	13.27
152	17.99
153	19.15
154	19.15
155	19.15
156	19.15
157	19.15
158	19.15
159	19.15
160	19.15
161	19.15
162	19.15
163	19.15
164	19.15
165	19.15
166	19.15
167	19.15
168	25.53
169	37.06
170	38.06
171	38.06
172	38.06
173	38.06
174	38.06
175	38.06
176	38.06
177	38.06
178	38.06
179	38.06
180	38.06
181	34.26
182	33.08
183	33.08
184	33.08
185	33.08
186	33.08
187	31.97
188	31.97
189	31.97
190	31.97
191	31.97
192	31.97
193	31.97
194	31.97
195	31.97
196	23.78
197	23.78
198	23.78
199	19.14
200	16.84
201	16.84
202	16.84
203	16.84
204	9.48
205	7.33
206	5.92
207	5.92
208	5.92
209	5.92
210	5.92
211	5.92
212	5.92
213	5.92
214	5.92
215	5.92
216	5.92
217	5.92
218	5.92
219	5.92
220	5.92
221	12.14
222	12.14
223	12.14
224	12.14
225	12.14
226	12.14
227	12.14
228	12.14
229	12.14
230	10.92
231	4.37
232	4.37
233	4.37
234	4.37
235	4.37
236	4.37
237	4.37
238	4.37
239	4.37
240	4.37
241	4.37
242	4.37
243	4.37
244	4.37
245	4.37
246	9.04
247	16.32
248	28.59
249	28.59
250	25.11
251	11.76
252	10.52
253	6.65
254	5.37
255	5.37
256	5.37
257	5.37
258	5.37
259	5.37
260	5.37
261	5.37
262	5.37
263	5.37
264	5.37
265	5.37
266	5.37
267	5.37
268	5.37
269	10.96
270	26.55
271	29.72
272	29.72
273	29.72
274	33.23
275	15.15
276	15.15
277	15.15
278	15.15
279	15.15
280	15.15
281	15.15
282	15.15
283	15.15
284	15.15
285	15.15
286	15.15
287	15.15
288	15.15
289	15.15
290	17.35
291	17.35
292	17.35
293	17.35
294	17.35
295	23.29
296	27.81
297	27.81
298	27.81
299	21.46
300	21.46
301	21.46
302	21.46
303	21.46
304	21.46
305	21.46
306	11.46
307	2.68
308	1.98
309	1.98
310	1.98
311	1.98
312	1.98
313	1.98
314	1.98
315	1.98
316	1.98
317	1.98
318	1.98
319	1.98
320	1.98
321	1.98
322	1.98
323	4.77
324	8.47
325	8.47
326	8.47
327	8.47
328	9.77
329	17.3
330	26.94
331	39.3
332	39.3
333	39.3
334	39.3
335	33.22
336	20.89
337	15.67
338	15.67
339	15.67
340	11.93
341	4.82
342	2.87
343	2.87
344	2.87
345	2.87
346	2.87
347	2.87
348	2.87
349	2.87
350	2.87
351	2.87
352	2.87
353	2.87
354	2.87
355	2.87
356	2.87
357	4.64
358	13.95
359	14.43
360	14.43
361	14.43
362	14.43
363	14.43
364	14.43
365	14.43
366	14.43
367	14.43
368	14.88
369	23.3
370	23.3
371	23.3
372	23.3
373	23.3
374	23.3
375	23.3
376	23.3
377	23.3
378	25.27
379	25.27
380	25.27
381	25.27
382	25.27
383	25.27
384	25.27
385	41.68
386	52.65
387	52.65
388	52.32
389	35.86
390	13.34
391	6.25
392	6.25
393	6.25
394	6.25
395	6.25
396	6.25
397	6.25
398	4.63
399	4.63
400	4.63
401	4.63
402	4.63
403	4.63
404	4.63
405	4.63
406	4.63
407	4.63
408	4.63
409	4.63
410	4.63
411	4.63
412	4.63
413	5.72
414	5.72
415	5.72
416	5.72
417	5.72
418	10.84
419	10.84
420	13.27
421	26.86
422	26.86
423	26.54
424	12.96
425	8.04
426	8.04
427	8.04
428	8.04
429	8.04
430	8.04
431	8.04
432	8.04
433	8.04
434	8.04
435	8.04
436	8.04
437	8.04
438	8.04
439	8.04
440	9.76
441	9.76
442	9.76
443	9.76
444	19.29
445	35.85
446	40.54
447	41.99
448	41.99
449	41.99
450	41.99
451	41.99
452	41.99
453	41.99
454	41.99
455	41.99
456	37.88
457	36.8
458	36.8
459	33.3
460	21.42
461	12.34
462	12.34
463	12.34
464	12.34
465	12.34
466	12.34
467	12.34
468	12.34
469	12.34
470	12.34
471	12.34
472	12.34
473	12.34
474	12.34
475	12.34
476	12.59
477	12.59
478	12.59
479	13.9
480	13.9
481	13.9
482	13.9
483	21.54
484	38.61
485	64.77
486	60.76
487	50.41
488	36.73
489	28.69
490	25.94
491	25.94
492	25.94
493	25.94
494	25.94
495	25.94
496	25.94
497	25.94
498	25.94
499	25.94
500	25.94
501	21.02
502	21.02
503	21.02
504	21.02
505	21.02
506	21.02
507	21.02
508	21.02
509	21.02
510	21.02
511	21.02
512	21.02
513	21.02
514	21.02
515	21.02
516	28.55
517	28.55
518	28.55
519	28.55
520	28.55
521	28.55
522	28.55
523	33.49
524	33.49
525	33.49
526	33.49
527	33.49
528	51.41
529	71.37
530	75.86
531	75.86
532	75.86
533	75.86
534	75.86
535	75.86
536	69.6
537	66.53
538	55.27
539	37.09
540	37.09
541	29.81
542	17.14
543	17.14
544	17.14
545	17.14
546	17.14
547	17.14
548	17.14
549	17.14
550	17.14
551	17.14
552	17.14
553	17.14
554	17.14
555	17.14
556	17.14
557	22.59
558	32.83
559	32.83
560	32.83
561	32.83
562	24.24
563	9.95
564	3.84
565	3.05
566	3.05
567	3.05
568	3.05
569	3.05
570	3.05
571	3.05
572	3.05
573	3.05
574	3.05
575	3.05
576	3.05
577	3.05
578	3.05
579	3.05
580	7.12
581	25.36
582	38.82
583	38.82
584	38.82
585	38.82
586	38.82
587	38.82
588	38.82
589	51.76
590	40.84
591	33.97
592	33.97
593	33.97
594	33.97
595	33.97
596	33.97
597	33.97
598	33.97
599	23.5
600	23.5
601	21.57
602	21.57
603	21.57
604	21.57
605	21.57
606	21.57
607	21.57
608	21.57
609	21.57
610	21.57
611	21.57
612	21.57
613	21.57
614	21.57
615	13.62
616	5.87
617	3.97
618	3.97
619	3.97
620	3.97
621	3.97
622	3.97
623	3.97
624	3.97
625	3.97
626	3.97
627	3.97
628	3.97
629	3.97
630	3.97
631	3.97
632	5.94
633	9.89
634	9.89
635	9.89
636	9.89
637	9.89
638	9.89
639	9.89
640	9.89
641	9.89
642	9.89
643	9.89
644	9.89
645	9.89
646	17.4
647	23.62
648	42.3
649	42.3
650	42.3
651	42.3
652	42.3
653	42.3
654	32.79
655	32.79
656	32.79
657	32.79
658	32.79
659	32.79
660	32.79
661	32.79
662	32.79
663	32.79
664	32.79
665	32.79
666	32.79
667	32.79
668	32.79
669	32.82
670	20.88
671	18.33
672	18.33
673	18.33
674	18.33
675	18.33
676	15.45
677	8.64
678	8.64
679	8.64
680	8.64
681	8.64
682	8.64
683	8.64
684	8.64
685	8.64
686	8.64
687	8.64
688	8.64
689	8.03
690	8.03
691	8.03
692	8.03
693	8.03
694	8.03
695	8.03
696	8.03
697	8.03
698	8.03
699	8.03
700	8.03
701	8.03
702	8.03
703	8.03
704	10.79
705	10.79
706	10.79
707	10.79
708	10.79
709	10.79
710	10.79
711	10.79
712	10.79
713	10.79
714	10.79
715	10.79
716	18.56
717	18.56
718	18.56
719	18.56
720	18.56
721	18.56
722	18.56
723	18.56
724	18.56
725	18.56
726	18.56
727	18.56
728	18.56
729	27.03
730	27.13
731	27.13
732	27.13
733	45.7
734	45.7
735	45.7
736	45.7
737	62.5
738	67.18
739	68.04
740	73.67
741	80.88
742	85.48
743	82.89
744	82.89
745	82.89
746	82.89
747	82.89
748	82.89
749	82.89
750	74.3
751	68.7
752	68.7
753	68.7
754	68.7
755	68.7
756	68.7
757	68.7
758	39.87
759	21.07
760	5.39
761	2.16
762	1.34
763	1.34
764	1.34
765	1.34
766	1.34
767	1.34
768	1.34
769	1.34
770	1.34
771	1.34
772	1.34
773	1.34
774	1.34
775	1.34
776	1.34
777	1.36
778	5.92
779	12.88
780	12.88
781	12.88
782	12.88
783	12.88
784	12.88
785	12.88
786	12.88
787	12.88
788	12.88
789	12.88
790	12.88
791	17.46
792	17.61
793	17.61
794	4.68
795	3.03
796	1.24
797	1.24
798	1.24
799	1.24
800	1.24
801	1.24
802	1.24
803	1.24
804	1.24
805	1.24
806	1.24
807	1.24
808	1.24
809	1.24
810	1.24
811	2.33
812	6.85
813	17.02
814	17.02
815	17.02
816	26.22
817	16.7
818	16.7
819	16.7
820	16.7
821	16.7
822	16.7
823	16.7
824	16.7
825	16.7
826	16.7
827	16.7
828	16.7
829	16.7
830	16.7
831	16.7
832	20.12
833	20.12
834	20.12
835	20.12
836	20.12
837	27.15
838	37.42
839	47.38
840	47.38
841	47.38
842	47.38
843	47.38
844	47.38
845	52.54
846	53.0
847	53.0
848	57.38
849	42.97
850	41.66
851	35.68
852	35.68
853	35.68
854	35.68
855	35.68
856	35.68
857	35.68
858	35.68
859	35.68
860	35.68
861	35.68
862	35.68
863	35.68
864	26.59
865	11.68
866	8.02
867	8.02
868	8.02
869	8.02
870	8.02
871	8.02
872	8.02
873	8.02
874	8.02
875	8.02
876	8.02
877	8.02
878	8.02
879	8.02
880	8.02
881	15.15
882	13.11
883	13.11
884	13.11
885	13.11
886	13.11
887	13.11
888	13.11
889	13.11
890	13.11
891	13.11
892	13.11
893	13.11
894	13.11
895	13.11
896	13.11
897	16.52
898	16.93
899	25.1
900	17.25
901	17.25
902	17.25
903	17.25
904	17.25
905	17.25
906	17.25
907	17.25
908	17.25
909	17.25
910	17.25
911	17.25
912	17.25
913	17.25
914	17.25
915	20.87
916	20.87
917	20.87
918	13.89
919	13.89
920	13.89
921	13.89
922	13.89
923	13.89
924	13.89
925	13.89
926	13.89
927	13.89
928	13.89
929	13.89
930	13.89
931	13.89
932	13.89
933	16.2
934	15.21
935	15.21
936	15.21
937	15.21
938	15.21
939	15.21
940	15.21
941	15.21
942	15.21
943	15.21
944	15.21
945	15.21
946	15.11
947	15.11
948	15.11
949	15.11
950	15.11
951	15.11
952	15.11
953	15.11
954	15.11
955	15.11
956	15.11
957	15.11
958	15.11
959	15.11
960	15.11
961	16.94
962	18.67
963	25.66
964	25.75
965	24.13
966	24.13
967	24.13
968	24.13
969	24.13
970	24.13
971	24.13
972	24.13
973	24.13
974	24.13
975	24.13
976	24.13
977	24.13
978	24.13
979	24.13
980	19.11
981	19.11
982	19.11
983	19.11
984	19.11
985	19.11
986	19.11
987	19.11
988	19.11
989	19.11
990	19.11
991	19.11
992	19.11
993	19.11
994	19.11
995	20.76
996	22.92
997	24.86
998	24.86
999	24.92
1000	17.22
1001	13.68
1002	13.68
1003	13.68
1004	13.65
1005	13.65
1006	6.85
1007	2.2
1008	0.76
1009	0.76
1010	0.76
1011	0.76
1012	0.76
1013	0.76
1014	0.76
1015	0.76
1016	0.76
1017	0.76
1018	0.76
1019	0.76
1020	0.76
1021	0.76
1022	0.76
1023	1.28
1024	1.37
1025	1.37
1026	1.37
1027	1.37
1028	1.72
1029	5.62
1030	23.2
1031	56.99
1032	58.08
1033	58.08
1034	58.08
1035	58.08
1036	58.08
1037	58.08
1038	58.08
1039	66.27
1040	68.69
1041	41.16
1042	18.8
1043	11.41
1044	11.41
1045	11.41
1046	11.41
1047	11.41
1048	11.41
1049	11.41
1050	11.41
1051	11.41
1052	11.41
1053	11.41
1054	11.41
1055	11.41
1056	11.41
1057	11.27
1058	5.04
1059	4.19
1060	4.19
1061	4.19
1062	4.19
1063	4.19
1064	4.19
1065	4.19
1066	4.19
1067	4.19
1068	4.19
1069	4.19
1070	4.19
1071	4.19
1072	4.19
1073	4.19
1074	8.22
1075	14.6
1076	14.6
1077	14.6
1078	14.6
1079	14.6
1080	14.6
1081	14.6
1082	14.6
1083	14.6
1084	14.6
1085	14.6
1086	29.22
1087	36.42
1088	40.79
1089	33.62
1090	32.07
1091	24.6
1092	24.6
1093	24.6
1094	24.6
1095	24.6
1096	24.6
1097	19.69
1098	17.71
1099	17.71
1100	17.71
1101	17.71
1102	17.71
1103	17.71
1104	17.71
1105	17.71
1106	17.71
1107	17.71
1108	17.71
1109	7.78
1110	4.05
1111	4.05
1112	4.05
1113	4.05
1114	4.05
1115	4.05
1116	4.05
1117	4.05
1118	4.05
1119	4.05
1120	4.05
1121	4.05
1122	4.05
1123	4.05
1124	4.05
1125	12.78
1126	12.39
1127	12.39
1128	12.39
1129	11.12
1130	11.12
1131	11.12
1132	11.12
1133	11.12
1134	11.12
1135	11.12
1136	11.12
1137	11.12
1138	11.12
1139	11.12
1140	11.12
1141	11.12
1142	11.12
1143	11.12
1144	17.07
1145	17.87
1146	17.87
1147	17.87
1148	17.87
1149	19.36
1150	14.59
1151	14.59
1152	12.2
1153	12.2
1154	12.2
1155	12.2
1156	12.2
1157	12.2
1158	12.2
1159	12.2
1160	12.2
1161	12.2
1162	12.2
1163	12.2
1164	11.61
1165	5.21
1166	2.78
1167	1.69
1168	1.69
1169	1.69
1170	1.69
1171	1.69
1172	1.69
1173	1.69
1174	1.69
1175	1.69
1176	1.69
1177	1.69
1178	1.69
1179	1.69
1180	1.69
1181	1.69
1182	2.24
1183	4.45
1184	10.92
1185	25.38
1186	25.38
1187	25.61
1188	30.22
1189	30.22
1190	30.22
1191	30.22
1192	30.22
1193	30.22
1194	30.22
1195	30.22
1196	40.02
1197	43.82
1198	43.82
1199	43.85
1200	43.85
1201	43.85
1202	44.9
1203	44.9
1204	49.34
1205	51.2
1206	51.2
1207	51.2
1208	57.88
1209	73.49
1210	73.49
1211	73.49
1212	73.49
1213	76.24
1214	66.37
1215	61.29
1216	55.47
1217	55.47
1218	55.47
1219	55.47
1220	55.47
1221	55.47
1222	55.47
1223	55.47
1224	55.47
1225	55.47
1226	55.47
1227	55.47
1228	55.47
1229	55.47
1230	55.47
1231	64.88
1232	76.35
1233	92.81
1234	95.0
1235	95.0
1236	95.0
1237	95.0
1238	95.0
1239	95.0
1240	95.0
1241	95.0
1242	95.0
1243	95.0
1244	95.0
1245	95.0
1246	95.0
1247	95.0
1248	95.0
1249	90.67
1250	87.81
1251	79.64
1252	68.95
1253	59.38
1254	51.02
1255	51.02
1256	51.02
1257	51.02
1258	35.42
1259	35.42
1260	35.42
1261	35.42
1262	35.42
1263	35.42
1264	35.42
1265	35.42
1266	35.42
1267	35.42
1268	35.42
1269	35.42
1270	35.42
1271	35.42
1272	35.42
