position	position_score_DP2	position_score_DQ7	position_score_DR4	position_score_DRB3	position_score_main_DP	position_score_main_DQ	position_score_main_DR
0	59.1	95.0	38.51	72.44	75.13	88.0	85.1
1	59.1	95.0	38.51	72.44	75.13	88.0	85.1
2	59.1	95.0	38.51	72.44	75.13	88.0	85.1
3	59.1	94.46	38.51	72.44	75.13	88.0	85.1
4	59.1	90.12	38.51	72.44	75.13	88.0	80.98
5	58.29	81.55	38.51	53.97	75.13	84.41	67.53
6	47.59	71.82	38.51	44.17	69.38499999999999	76.64	64.86
7	47.59	69.32	38.51	44.17	69.38499999999999	69.99	64.86
8	47.59	69.32	38.51	44.17	69.38499999999999	69.99	64.86
9	47.59	69.32	38.51	44.17	69.38499999999999	69.99	64.86
10	47.59	69.32	38.51	44.17	69.38499999999999	69.99	64.86
11	47.59	68.515	38.51	44.17	69.38499999999999	69.99	64.86
12	47.59	60.77	38.51	44.17	69.38499999999999	63.82	46.43
13	47.59	48.83	38.51	44.17	59.29	55.69	11.39
14	47.59	32.925	50.59	44.17	49.505	48.29	3.38
15	47.59	25.0	50.59	44.17	40.93	40.05	2.15
16	47.59	23.865	50.59	44.17	37.52	36.805	2.02
17	47.59	23.865	54.12	44.17	37.52	36.805	1.86
18	47.59	23.865	54.12	44.17	37.52	36.805	1.86
19	47.59	23.865	54.12	44.17	37.52	36.805	1.86
20	47.59	23.865	54.12	44.17	37.52	36.805	1.86
21	46.57	23.865	29.7	41.76	37.52	36.805	1.86
22	35.71	19.59	21.24	29.15	37.52	36.805	1.86
23	25.645	12.7	13.44	18.76	36.64	30.795	1.86
24	22.54	9.16	12.23	15.0	33.03	26.19	1.86
25	12.28	9.16	12.23	15.0	22.095	26.19	1.86
26	7.38	9.16	12.23	15.0	15.07	26.19	1.86
27	5.61	9.16	12.23	15.0	11.28	26.19	1.86
28	5.31	9.16	12.23	15.0	10.41	26.19	1.86
29	5.31	9.16	10.09	8.74	10.41	26.19	1.86
30	5.31	9.16	3.24	3.44	9.93	15.995	1.86
31	5.31	9.16	2.37	2.55	7.625	9.66	2.09
32	5.31	7.66	1.81	1.86	6.12	6.84	3.28
33	5.31	7.64	1.59	1.86	5.25	5.68	6.35
34	5.31	7.64	1.59	1.86	5.25	5.68	13.28
35	4.5	7.64	1.59	1.86	4.58	5.68	13.28
36	0.86	3.405	1.59	1.86	0.79	5.68	7.47
37	0.385	0.93	1.59	1.86	0.275	3.85	4.32
38	0.3	0.5549999999999999	1.59	1.86	0.175	2.89	3.87
39	0.3	0.5549999999999999	1.59	1.86	0.175	2.89	3.7
40	0.3	0.5549999999999999	1.59	1.86	0.175	2.89	3.7
41	0.3	0.5549999999999999	1.59	1.86	0.175	2.89	3.7
42	0.3	0.5549999999999999	1.59	1.86	0.175	2.89	3.7
43	0.3	0.5549999999999999	1.59	1.86	0.175	2.89	3.7
44	0.3	0.5549999999999999	1.59	1.86	0.175	2.89	3.7
45	0.3	0.5549999999999999	1.59	1.86	0.175	2.89	3.7
46	0.3	0.5549999999999999	1.59	1.86	0.175	2.89	3.7
47	0.3	0.5549999999999999	2.53	2.27	0.175	2.89	3.7
48	0.3	0.5549999999999999	3.53	3.09	0.175	2.89	3.7
49	0.3	0.5549999999999999	4.15	7.08	0.175	2.89	3.7
50	0.3	0.5549999999999999	4.15	7.17	0.175	2.89	3.7
51	0.3	0.5549999999999999	4.15	7.17	0.175	2.89	3.7
52	0.3	0.5549999999999999	4.15	7.17	0.175	2.89	3.7
53	0.365	1.315	6.6	11.45	0.295	5.85	4.55
54	0.55	2.32	14.48	20.13	0.42	12.94	5.75
55	1.93	9.48	14.62	30.55	2.64	13.39	11.79
56	10.57	28.05	14.62	30.55	21.5	13.39	31.69
57	10.57	18.635	14.62	26.59	19.52	10.02	26.99
58	10.465	9.845	12.81	21.08	14.8	6.37	20.86
59	10.465	6.51	6.55	20.27	12.565	5.6400000000000015	17.26
60	10.465	4.71	4.77	20.27	12.565	5.6400000000000015	16.3
61	10.465	3.99	4.43	20.27	12.565	5.6400000000000015	16.3
62	10.465	3.99	4.43	14.8	12.565	5.6400000000000015	16.3
63	10.465	3.99	4.43	9.28	12.565	5.6400000000000015	16.3
64	10.465	3.99	4.43	7.78	12.565	5.6400000000000015	16.3
65	10.465	3.99	4.43	7.78	12.565	5.6400000000000015	16.3
66	10.465	3.99	4.43	7.78	12.565	5.6400000000000015	16.3
67	10.465	3.99	4.43	7.78	12.565	5.6400000000000015	16.3
68	10.465	3.99	4.43	7.78	12.565	5.6400000000000015	16.3
69	10.465	3.99	4.43	7.78	12.565	5.6400000000000015	16.3
70	10.465	3.99	4.43	7.78	12.565	5.6400000000000015	12.87
71	10.465	3.99	4.43	7.78	12.565	5.6400000000000015	5.81
72	10.465	3.99	4.43	7.78	10.115	5.6400000000000015	3.0
73	11.585	3.99	4.43	7.78	7.21	5.67	2.47
74	14.69	3.99	4.43	7.78	7.21	7.695	2.47
75	21.26	4.42	4.43	7.78	7.21	10.88	2.47
76	33.17	6.15	6.05	7.78	7.21	16.09	2.47
77	33.17	7.42	8.59	7.78	7.21	16.09	2.47
78	33.17	9.43	9.79	8.57	7.21	20.905	2.47
79	29.23	16.73	14.0	17.27	7.21	15.685	2.47
80	15.91	29.27	24.67	19.02	7.21	15.685	2.47
81	7.245	39.39	33.6	19.02	7.21	15.685	2.47
82	5.73	15.45	23.88	19.02	7.21	15.685	2.47
83	5.73	1.89	6.67	19.02	7.21	2.96	2.47
84	5.73	0.91	4.27	19.02	7.21	1.52	2.47
85	5.73	0.53	2.79	14.73	7.21	0.87	2.47
86	5.73	0.39	2.35	12.15	7.21	0.71	2.47
87	5.73	0.39	2.35	10.52	7.21	0.71	2.47
88	5.73	0.39	2.35	10.0	7.21	0.71	2.75
89	5.73	0.39	2.35	10.0	7.38	0.71	4.58
90	5.73	0.39	2.35	10.0	7.38	0.71	11.16
91	5.73	0.39	2.35	10.0	7.38	0.71	11.16
92	5.73	0.39	2.35	10.0	7.38	0.71	11.16
93	5.73	0.39	2.35	10.0	7.38	0.71	11.16
94	5.73	0.39	2.35	10.0	7.38	0.71	11.16
95	5.73	0.39	2.35	10.0	7.38	0.71	11.16
96	5.73	0.39	2.35	10.0	7.38	0.71	11.16
97	6.715	0.39	2.35	10.0	7.38	0.71	11.16
98	6.715	0.39	2.35	10.0	7.38	0.71	11.16
99	6.715	0.39	2.35	10.0	7.38	0.71	11.16
100	6.715	0.54	2.69	10.0	7.38	1.05	11.16
101	6.715	1.15	3.47	10.0	7.38	2.02	12.71
102	6.715	4.57	6.21	10.0	10.35	8.7	16.43
103	6.715	8.87	8.67	17.03	14.08	14.05	16.43
104	6.715	8.87	8.67	17.95	14.08	14.05	16.43
105	6.715	8.87	8.67	17.95	14.08	14.05	16.43
106	6.715	8.87	8.67	17.95	14.08	14.05	16.43
107	6.715	8.87	8.67	17.95	14.08	14.05	15.2
108	6.715	8.87	8.67	17.95	14.08	14.05	13.18
109	6.715	8.87	8.67	17.95	14.08	14.05	11.89
110	6.715	8.87	8.67	12.47	14.08	14.05	11.89
111	6.715	8.87	8.67	6.32	14.08	14.05	11.89
112	9.28	8.87	6.98	4.76	16.29	14.05	11.89
113	14.46	8.87	6.11	3.23	19.16	14.05	11.89
114	11.74	8.87	6.11	2.84	19.16	14.05	11.89
115	11.74	12.79	6.11	2.84	22.16	20.06	11.89
116	11.74	24.89	6.11	2.84	23.075000000000006	20.06	11.89
117	11.74	33.84	6.11	2.84	23.075000000000006	20.06	11.89
118	11.74	33.84	6.11	2.84	23.075000000000006	20.06	11.89
119	11.74	33.84	6.11	2.84	23.075000000000006	20.06	11.89
120	11.74	33.84	6.11	2.84	23.075000000000006	20.06	11.89
121	11.74	33.84	6.11	2.84	23.075000000000006	20.06	11.89
122	11.74	33.84	6.11	2.84	23.075000000000006	20.06	11.89
123	7.48	33.84	6.11	2.84	26.365	20.06	12.32
124	5.83	33.84	6.11	2.84	28.3	20.06	14.36
125	5.83	37.15	6.11	2.84	28.3	20.06	17.99
126	5.83	37.15	6.11	2.84	28.3	20.06	30.85
127	5.83	37.15	6.45	2.84	28.3	20.06	30.85
128	5.83	37.15	6.88	2.84	28.3	20.06	30.85
129	5.83	37.15	10.98	3.32	29.18	23.815	36.38
130	5.83	38.25	17.61	4.76	17.81	39.36	53.06
131	5.83	38.25	21.9	8.39	16.73	47.945	68.27
132	1.31	42.395	21.9	14.81	2.93	47.945	61.74
133	0.325	50.01	21.9	47.63	0.74	47.945	39.73
134	0.1	34.48	21.9	46.28	0.25	32.39	23.22
135	0.065	24.49	21.9	32.9	0.14	24.9	18.21
136	0.05	19.75	20.03	23.55	0.105	21.255000000000006	14.96
137	0.05	19.75	16.1	18.49	0.105	20.45	14.96
138	0.05	19.75	11.0	14.67	0.105	20.45	14.96
139	0.05	19.75	9.55	11.49	0.105	16.0	14.96
140	0.05	19.75	9.55	11.49	0.105	16.0	14.96
141	0.05	19.75	9.55	10.68	0.105	16.0	14.96
142	0.05	19.75	9.55	10.68	0.105	16.0	14.96
143	0.05	19.75	9.55	10.68	0.105	16.0	14.96
144	0.05	19.75	9.55	10.68	0.105	16.0	14.96
145	0.05	19.75	9.55	10.68	0.105	16.0	14.96
146	0.05	19.75	9.55	10.68	0.105	16.0	14.96
147	0.05	19.75	9.55	10.68	0.105	16.0	14.96
148	0.05	19.75	9.55	10.68	0.105	16.0	14.96
149	0.05	19.75	9.55	10.68	0.105	16.0	14.96
150	0.05	19.75	9.55	10.68	0.105	16.0	3.33
151	0.09	26.11	7.44	10.68	0.24	16.0	1.08
152	0.435	39.91	5.44	10.68	1.15	15.38	0.59
153	1.9	37.74	4.88	10.68	4.074999999999998	12.64	0.41
154	1.9	31.785	4.88	10.68	4.074999999999998	12.64	0.41
155	1.9	30.69	4.88	10.68	4.074999999999998	12.64	0.41
156	1.9	30.69	4.88	15.11	4.074999999999998	12.64	0.41
157	1.9	30.69	4.88	26.34	4.074999999999998	12.64	0.41
158	1.9	30.69	4.88	26.34	4.074999999999998	12.64	0.41
159	1.9	30.69	4.88	26.34	4.074999999999998	12.64	0.41
160	1.9	30.69	4.88	26.34	4.074999999999998	12.64	0.41
161	1.9	30.69	4.88	26.34	4.074999999999998	12.64	0.41
162	1.9	30.69	4.88	26.34	4.074999999999998	12.64	0.41
163	2.4	30.69	4.88	26.34	2.16	12.64	0.41
164	1.005	30.69	4.88	26.34	0.685	12.64	0.41
165	0.62	30.69	4.88	26.34	0.345	12.64	0.41
166	0.46	30.69	4.88	26.34	0.235	12.64	0.41
167	0.46	30.69	5.42	28.77	0.235	17.244999999999994	0.41
168	0.46	30.69	7.92	14.9	0.235	24.29	0.41
169	0.46	33.825	9.62	6.71	0.235	31.54	0.83
170	0.46	45.07	7.07	4.62	0.235	29.97	2.54
171	0.46	40.24	6.22	4.4	0.235	25.94	15.3
172	0.46	40.24	6.22	4.4	0.235	25.94	32.17
173	0.46	40.24	6.22	4.4	0.235	25.94	32.17
174	0.46	40.24	6.22	4.4	0.235	25.94	32.17
175	0.46	40.24	6.22	4.4	0.235	25.94	32.17
176	0.46	40.24	6.22	4.4	0.235	25.94	32.17
177	0.46	40.24	6.22	4.4	0.235	25.94	32.17
178	0.46	40.24	6.22	4.4	0.235	25.94	32.17
179	0.46	40.24	6.22	4.4	0.235	25.94	32.17
180	0.46	40.24	6.22	4.4	0.235	24.15	35.12
181	0.79	40.24	6.22	4.4	0.53	17.495	40.24
182	2.425	40.24	6.22	4.4	2.725	14.44	40.24
183	2.035	40.24	6.22	4.4	4.005	14.44	24.46
184	1.56	40.24	6.22	4.4	3.11	14.44	20.51
185	1.32	48.58	7.57	4.69	2.135	14.44	19.92
186	1.32	50.52	10.48	7.5	2.135	14.44	18.03
187	1.32	50.52	14.78	12.76	2.135	14.44	18.03
188	1.32	50.52	14.78	11.29	2.135	14.44	18.03
189	1.32	50.52	14.78	11.29	2.135	14.44	18.03
190	1.32	50.52	14.78	11.29	2.135	14.44	18.03
191	1.32	50.52	14.78	11.29	2.135	14.44	18.03
192	1.32	50.52	14.78	11.29	2.135	14.44	18.03
193	1.32	50.52	14.78	11.29	2.135	14.44	18.03
194	1.32	50.52	12.34	11.29	2.135	14.44	18.03
195	1.32	50.52	8.52	11.29	2.135	14.44	18.03
196	1.32	45.145	7.34	11.29	2.135	19.93	18.03
197	1.32	42.4	7.34	11.29	2.135	25.595	18.03
198	1.32	34.81	7.34	11.29	2.135	25.595	18.03
199	1.32	18.11	7.34	11.29	2.135	25.595	18.03
200	2.0	17.06	7.34	11.29	2.725	25.595	18.82
201	2.61	17.06	7.34	11.29	2.965	25.595	18.82
202	7.07	17.06	7.34	12.36	6.66	18.85	18.82
203	7.23	17.06	6.04	13.57	10.445	5.02	18.82
204	7.23	17.06	3.62	7.62	10.445	2.27	18.82
205	7.23	11.52	2.44	2.55	10.445	1.22	18.82
206	7.23	8.0	1.93	1.91	10.445	0.89	18.82
207	7.23	8.0	1.93	1.91	10.445	0.89	18.82
208	7.23	8.0	1.93	1.91	10.445	0.89	18.82
209	7.23	8.0	1.93	1.91	10.445	0.89	18.82
210	7.23	8.0	1.93	1.91	10.445	0.89	18.82
211	7.23	8.0	1.93	1.91	10.445	0.89	18.82
212	7.23	8.0	1.93	1.91	10.445	0.89	18.82
213	7.23	8.0	1.93	1.91	10.445	0.89	18.82
214	7.23	8.0	1.93	1.91	10.445	0.89	18.82
215	9.655	8.0	1.93	1.91	13.45	0.89	21.36
216	9.39	8.0	1.93	1.91	12.26	0.89	17.54
217	9.39	8.0	1.93	1.91	12.26	0.89	17.54
218	9.39	8.0	1.93	1.91	12.26	0.89	17.54
219	9.39	8.0	1.93	1.91	12.26	0.89	17.54
220	9.39	8.0	1.93	1.91	12.26	0.89	17.54
221	9.39	14.78	3.21	2.43	12.26	3.14	17.54
222	9.39	14.78	5.16	6.78	12.26	5.0600000000000005	17.54
223	9.39	14.78	5.16	11.21	12.26	5.0600000000000005	17.54
224	9.39	14.78	5.16	15.13	12.26	5.0600000000000005	17.54
225	2.59	14.78	5.16	15.13	8.25	5.0600000000000005	17.54
226	1.035	14.78	5.16	15.13	3.32	5.0600000000000005	17.54
227	0.405	14.78	5.16	15.13	1.31	5.0600000000000005	17.54
228	0.21	14.78	5.16	15.13	0.57	5.0600000000000005	17.54
229	0.205	14.78	5.16	15.13	0.51	5.0600000000000005	17.54
230	0.205	16.145	4.82	15.65	0.51	6.4	4.49
231	0.205	11.315	3.56	15.14	0.51	2.92	2.02
232	0.205	11.315	3.56	15.14	0.51	2.92	1.4
233	0.205	11.315	3.56	14.85	0.51	2.92	1.24
234	0.205	11.315	3.56	14.85	0.51	2.92	1.24
235	0.205	11.315	3.56	14.85	0.51	2.92	1.24
236	0.205	11.315	3.56	14.85	0.51	2.92	1.24
237	0.205	11.315	3.56	14.85	0.51	2.92	1.24
238	0.205	11.315	3.56	14.85	0.51	2.92	1.24
239	0.205	11.315	3.56	14.85	0.51	2.92	1.24
240	0.205	11.315	3.56	14.85	0.51	2.92	1.24
241	0.205	11.315	3.56	14.85	0.51	2.92	1.24
242	0.205	11.315	3.56	14.85	0.51	2.92	1.24
243	0.37	11.315	3.56	14.85	1.14	2.92	1.24
244	0.835	11.315	3.56	14.85	2.0	2.92	1.24
245	3.09	11.315	3.56	14.85	2.0	2.92	1.24
246	6.62	17.125	6.02	14.85	2.0	9.38	1.24
247	10.72	18.045	13.8	14.85	2.86	19.55	1.38
248	15.8	13.52	23.63	18.4	5.29	24.76	2.53
249	17.29	9.48	29.68	26.67	14.73	24.49	4.29
250	17.29	4.37	32.08	26.67	24.955	12.43	4.29
251	17.29	3.585	32.08	26.67	41.22	5.47	4.29
252	17.29	2.6	32.08	26.67	41.22	4.51	4.29
253	24.035	1.26	35.22	33.43	41.905	2.39	4.29
254	33.82	0.77	32.79	29.79	44.63	1.56	4.29
255	33.82	0.77	32.79	29.79	44.63	1.56	4.29
256	33.82	0.77	32.79	29.79	44.63	1.56	4.29
257	33.82	0.77	32.79	29.79	44.63	1.56	6.37
258	25.42	0.77	32.79	29.79	30.74	1.56	14.99
259	20.78	0.77	32.79	29.79	24.89	1.56	21.23
260	17.02	0.77	32.79	29.79	21.14	1.56	21.23
261	17.02	0.77	32.79	29.79	21.14	1.56	21.23
262	17.02	0.77	32.79	29.79	21.14	1.56	21.23
263	17.02	0.77	32.79	29.79	21.14	1.56	21.23
264	17.02	0.77	32.79	29.79	21.14	1.56	21.23
265	14.11	0.77	32.79	29.79	21.14	1.56	21.23
266	14.11	0.77	32.79	29.79	21.14	1.56	21.23
267	14.11	0.77	32.79	29.79	21.14	1.56	21.23
268	14.11	0.77	13.62	29.79	19.36	1.56	21.42
269	14.11	1.8	9.89	27.82	15.705	5.06	19.86
270	14.11	4.575	7.54	22.22	15.705	11.04	19.41
271	14.11	12.315	6.62	14.59	15.705	18.74	19.41
272	14.11	23.64	6.62	11.08	15.705	22.01	19.41
273	14.11	26.72	6.62	9.49	15.705	28.02	19.41
274	14.11	15.48	6.62	9.49	15.705	19.78	19.41
275	14.11	10.75	5.72	9.49	15.705	13.83	19.41
276	14.11	10.75	5.72	9.49	15.705	8.91	19.41
277	14.11	10.75	5.72	9.49	15.705	8.91	19.41
278	14.11	10.75	5.72	9.49	15.705	8.91	19.41
279	14.11	10.75	5.72	9.49	15.705	8.91	19.41
280	14.11	10.75	5.72	9.49	15.705	6.67	19.41
281	18.73	10.75	5.72	9.49	15.705	6.02	19.41
282	21.57	10.75	5.72	9.49	15.705	6.02	19.41
283	21.57	10.75	5.72	9.49	15.705	6.02	19.41
284	22.55	10.75	5.72	9.49	18.28	6.02	20.67
285	25.775	10.75	5.72	9.49	23.54	6.02	26.93
286	27.48	10.75	5.72	9.49	35.27	6.02	30.48
287	33.55	10.75	5.72	9.49	41.94	6.02	30.48
288	42.18	10.75	5.72	11.17	46.49	6.02	31.58
289	53.18	10.75	5.72	11.17	55.3	6.02	34.77
290	66.96	13.985	8.6	16.68	69.36	6.02	45.66
291	77.07	13.985	14.83	22.46	77.37	6.02	63.38
292	79.6	13.985	16.92	22.46	78.61	6.02	63.38
293	79.6	13.985	16.92	22.46	78.61	6.02	63.38
294	69.455	13.985	16.92	22.46	77.38	6.02	63.38
295	52.595	21.035	16.92	30.95	60.19	11.68	67.76
296	45.1	24.56	16.92	38.56	49.43	15.59	67.63
297	40.29	24.56	15.22	38.56	47.79	19.9	66.99
298	37.87	18.24	10.36	35.58	34.69	16.82	49.38
299	28.95	12.364999999999998	8.17	18.13	26.4	11.415	40.84
300	28.95	12.364999999999998	6.36	12.94	23.15	11.415	40.84
301	16.455	12.364999999999998	3.79	10.97	15.735	11.415	35.67
302	14.56	12.364999999999998	3.29	8.74	14.46	11.415	35.67
303	14.56	12.364999999999998	3.29	8.74	14.46	11.415	35.67
304	14.56	12.364999999999998	3.29	8.74	14.46	11.415	35.67
305	3.785	12.364999999999998	3.29	8.74	5.695	11.415	35.67
306	0.59	12.364999999999998	3.29	6.95	0.48	5.75	21.4
307	0.38	9.08	3.29	5.91	0.25	2.96	18.07
308	0.24	5.835	3.29	5.77	0.14	1.76	16.14
309	0.22	5.835	3.29	5.77	0.12	1.76	16.14
310	0.22	5.835	3.29	5.77	0.12	1.76	16.14
311	0.22	5.835	3.14	4.47	0.12	1.76	16.14
312	0.22	5.835	1.5	1.45	0.12	1.76	9.15
313	0.22	5.835	1.32	1.02	0.12	1.76	7.5
314	0.22	5.835	1.0	0.79	0.12	1.76	5.8
315	0.22	5.835	1.0	0.79	0.12	1.76	5.8
316	0.22	5.835	1.0	0.79	0.12	1.76	5.8
317	0.22	5.835	1.0	0.79	0.12	1.76	5.8
318	0.22	5.835	1.0	0.79	0.12	1.76	5.8
319	0.22	5.835	1.0	0.79	0.12	1.76	5.8
320	0.22	5.835	1.0	0.79	0.12	1.76	5.8
321	0.22	5.835	1.0	0.79	0.12	1.76	5.8
322	0.22	6.775	1.0	0.79	0.12	2.05	5.8
323	0.22	8.67	1.0	0.79	0.12	2.82	5.8
324	0.32	18.48	1.0	0.79	0.27	6.005	5.8
325	1.26	24.995	1.0	0.79	1.71	6.005	5.8
326	3.43	24.995	1.0	0.79	2.625	6.005	5.8
327	3.43	24.995	1.0	0.79	2.625	6.005	5.8
328	3.61	24.995	1.44	1.04	3.25	8.86	7.52
329	5.21	28.04	1.95	1.67	4.59	12.21	7.64
330	13.06	28.04	5.1	4.4	10.54	26.5	9.18
331	25.47	32.41	8.3	12.88	25.35	32.61	9.18
332	25.47	36.59	8.3	13.83	30.82	32.61	9.18
333	24.81	44.38	8.3	13.83	30.82	32.61	9.18
334	0.45	55.68	8.3	13.83	0.315	32.61	9.18
335	0.05	28.24	8.34	13.83	0.03	36.27	9.18
336	0.015	23.045	8.34	13.83	0.0	25.565	9.18
337	0.0	22.52	13.52	14.7	0.0	20.12	9.18
338	0.0	21.7	30.42	14.7	0.0	18.46	8.73
339	0.0	20.58	39.73	14.7	0.0	18.46	5.41
340	0.0	8.64	21.28	14.7	0.0	9.115	2.65
341	0.0	6.0	14.85	12.39	0.0	5.12	1.61
342	0.0	3.42	12.87	8.94	0.0	3.46	1.36
343	0.0	3.42	11.15	8.94	0.0	3.035	1.36
344	0.0	3.42	11.15	8.94	0.0	3.035	1.36
345	0.0	3.42	11.15	8.94	0.0	3.035	1.36
346	0.0	3.42	11.15	8.94	0.0	3.035	1.36
347	0.0	3.42	11.15	8.94	0.0	3.035	1.36
348	0.0	3.42	11.15	8.94	0.0	3.035	1.36
349	0.0	3.42	11.15	8.94	0.0	3.035	1.36
350	0.0	3.42	11.15	8.94	0.0	3.035	1.36
351	0.0	3.42	11.15	8.94	0.0	3.035	1.36
352	0.01	3.42	11.15	8.94	0.0	3.035	1.36
353	0.025	3.42	11.15	8.94	0.02	3.035	1.36
354	0.14	3.42	11.15	8.94	0.095	3.035	1.36
355	1.175	3.42	11.15	8.94	0.53	3.035	1.36
356	5.57	3.42	11.15	8.94	0.69	3.035	1.36
357	6.5150000000000015	7.7	13.99	9.26	1.08	5.15	1.88
358	8.120000000000001	9.64	5.11	12.76	4.17	9.72	3.49
359	12.6	9.64	2.99	12.76	9.41	11.015	3.49
360	24.71	9.64	2.32	12.76	25.32	11.015	3.49
361	29.74	9.64	1.86	12.76	26.435	11.015	3.49
362	10.22	9.64	1.86	12.76	9.92	11.015	3.49
363	5.869999999999999	9.64	1.86	12.76	5.55	11.015	3.49
364	5.445	9.64	1.86	12.76	4.7349999999999985	11.015	3.49
365	5.445	9.64	1.86	12.76	4.7349999999999985	11.015	3.49
366	5.445	9.64	1.86	12.76	4.7349999999999985	11.015	3.49
367	5.445	10.805	1.86	12.76	4.7349999999999985	12.25	4.6
368	5.445	12.27	1.86	12.76	4.7349999999999985	12.88	6.59
369	5.445	19.36	1.86	12.76	4.7349999999999985	16.21	20.69
370	5.445	23.12	1.86	12.76	4.7349999999999985	13.31	24.33
371	5.445	23.12	1.86	21.92	4.7349999999999985	13.31	24.33
372	5.445	23.12	1.86	21.92	4.7349999999999985	13.31	24.33
373	5.445	23.12	1.86	21.92	4.7349999999999985	13.31	24.33
374	5.445	23.12	1.86	21.92	4.7349999999999985	13.31	24.33
375	5.445	23.12	2.2	21.92	4.7349999999999985	13.31	24.33
376	5.445	23.12	3.36	21.92	4.7349999999999985	13.31	24.33
377	5.445	23.12	7.7	21.92	4.7349999999999985	13.31	24.33
378	8.525	23.12	22.53	31.93	12.14	13.31	30.9
379	8.525	23.12	22.53	34.16	12.575	13.31	46.02
380	15.5	23.12	22.53	34.16	23.26	13.31	42.71
381	10.935	23.12	22.53	34.16	42.22	13.31	35.18
382	6.29	23.12	22.53	34.16	33.83	13.31	34.42
383	5.06	23.12	22.53	34.16	29.26	13.31	34.42
384	5.06	23.12	22.53	34.16	29.26	14.08	34.42
385	5.06	41.77	22.53	45.13	29.26	18.77	34.42
386	5.06	47.655	22.53	57.08	29.26	37.65	34.42
387	5.06	47.655	22.53	53.28	29.26	44.71	34.42
388	5.06	43.63	22.53	44.69	29.26	40.58	34.42
389	5.06	12.21	20.64	22.5	10.15	24.8	30.78
390	5.06	4.39	11.15	13.51	4.84	11.07	21.29
391	5.06	2.95	8.47	10.32	3.9	7.39	16.44
392	5.06	2.38	7.74	9.93	3.9	5.79	15.87
393	5.06	2.38	7.74	9.93	3.9	5.79	15.87
394	5.06	2.38	7.74	8.24	3.9	5.79	15.87
395	5.06	2.38	7.74	3.49	3.9	5.79	15.87
396	5.06	2.38	7.74	2.11	3.9	5.79	15.87
397	5.06	2.38	7.74	2.03	3.87	5.12	15.87
398	5.84	2.38	7.74	2.03	3.63	4.31	15.87
399	5.84	2.38	7.74	2.03	3.63	4.31	15.87
400	5.84	2.38	7.74	2.03	3.63	4.31	7.17
401	5.84	2.38	7.74	2.03	3.63	4.31	2.26
402	5.84	2.38	7.74	2.03	3.63	4.31	1.73
403	5.84	2.38	7.74	2.03	3.63	4.31	1.42
404	5.84	2.38	7.74	2.03	3.63	4.31	1.42
405	5.84	2.38	7.74	2.03	3.63	4.31	1.42
406	5.84	2.115	8.83	2.03	3.63	4.31	1.42
407	5.84	2.115	13.26	2.03	3.63	4.31	1.42
408	5.84	2.115	14.08	2.03	3.63	4.31	1.42
409	5.84	2.115	14.08	2.03	3.63	4.31	1.42
410	5.84	2.115	14.08	2.03	3.63	4.31	1.42
411	5.84	2.115	14.36	2.03	3.63	4.31	1.42
412	5.84	2.115	16.98	2.03	3.63	4.37	1.42
413	7.73	2.115	16.98	3.78	5.31	5.26	1.42
414	10.61	2.115	16.98	11.94	13.18	5.26	1.42
415	9.365	2.115	16.98	14.47	13.105	5.26	1.42
416	8.190000000000001	2.115	16.98	14.47	10.525	5.26	1.42
417	8.190000000000001	2.115	18.35	14.47	10.525	6.44	1.42
418	8.190000000000001	2.115	21.47	14.47	10.525	8.47	1.42
419	8.190000000000001	2.115	21.47	14.47	10.525	8.47	2.28
420	8.190000000000001	2.365	21.47	14.47	10.525	10.64	5.2
421	8.190000000000001	4.395	29.77	14.47	10.525	17.8	17.71
422	8.190000000000001	10.76	33.74	14.47	10.525	28.15	17.71
423	8.190000000000001	4.57	24.38	14.47	10.525	13.05	17.71
424	8.190000000000001	3.075	18.51	14.47	10.525	7.99	19.67
425	8.190000000000001	2.285	16.59	14.47	10.525	5.48	19.6
426	8.190000000000001	2.285	16.59	14.47	10.525	5.48	19.6
427	8.190000000000001	2.285	12.21	14.47	10.525	5.48	19.6
428	8.190000000000001	2.285	4.98	8.47	10.525	3.72	19.6
429	8.190000000000001	2.285	3.75	7.08	10.525	2.18	19.6
430	8.190000000000001	2.285	3.44	7.08	10.525	2.18	19.6
431	16.509999999999998	2.285	3.44	7.08	25.38	2.18	19.6
432	18.98	2.285	3.44	7.08	25.38	2.18	19.6
433	18.98	2.285	3.44	7.08	25.38	2.18	19.6
434	18.98	2.285	3.44	7.08	25.38	2.18	19.6
435	18.98	2.285	3.44	7.08	25.38	2.18	19.6
436	18.98	2.285	3.44	7.08	25.38	2.18	19.6
437	18.98	2.285	3.44	7.08	25.38	2.18	19.6
438	18.98	2.285	3.44	7.08	25.38	2.18	19.6
439	18.98	2.285	3.44	7.08	25.38	2.18	19.6
440	18.98	3.71	3.44	7.08	35.025	2.18	23.38
441	18.98	10.405	3.44	7.08	35.35	2.18	40.93
442	18.98	19.93	3.44	7.08	35.35	2.18	43.72
443	4.275	19.93	3.44	7.08	14.865000000000002	2.18	43.72
444	1.485	24.705	3.71	7.46	6.455	4.45	52.25
445	0.89	31.4	5.27	9.99	3.93	14.2	50.04
446	0.89	41.92	14.05	15.34	3.93	30.635	32.42
447	0.715	41.92	21.92	15.34	3.92	39.955	23.93
448	0.715	41.92	27.3	15.34	3.92	43.54	22.65
449	0.715	41.92	27.12	15.34	3.92	43.54	20.2
450	0.715	41.92	27.12	15.34	3.92	43.54	20.2
451	0.715	47.53	27.12	12.87	3.92	43.54	17.83
452	0.715	46.465	27.12	9.94	3.92	43.54	17.83
453	0.715	46.465	27.12	9.94	3.92	43.54	17.83
454	0.715	46.465	27.12	9.94	3.92	43.71	17.83
455	0.715	46.465	27.12	9.94	3.92	33.3	17.83
456	0.715	46.465	22.96	4.5	3.92	25.135	17.83
457	0.715	46.465	9.84	2.99	3.92	22.69	17.83
458	0.715	46.465	9.84	2.99	3.92	22.69	17.83
459	0.715	36.78	9.78	2.99	3.92	20.57	16.0
460	0.715	29.34	9.1	2.99	3.92	14.96	10.54
461	0.715	23.925	9.1	2.99	2.975	11.89	8.7
462	1.245	18.93	9.1	2.99	2.145	11.89	8.7
463	1.19	13.25	9.1	2.99	0.92	11.89	8.7
464	0.91	13.25	9.1	2.99	0.79	11.89	8.7
465	0.91	13.25	9.1	2.99	0.79	11.89	8.7
466	0.91	7.905	9.1	2.99	0.79	11.89	8.7
467	0.91	4.785	9.1	2.99	0.79	11.89	8.7
468	0.91	3.295	9.1	2.99	0.79	10.64	8.7
469	0.91	3.295	9.1	2.99	0.79	10.64	8.7
470	0.91	3.295	9.1	2.99	0.79	10.64	8.7
471	0.91	3.295	9.1	2.99	0.79	10.64	8.7
472	0.91	3.295	9.1	3.76	0.79	10.64	8.7
473	0.91	3.295	9.1	3.9	0.79	10.64	8.7
474	0.91	3.295	9.65	3.9	0.79	10.64	8.7
475	0.91	3.295	11.99	5.09	0.79	10.64	8.7
476	0.91	3.295	14.59	7.93	0.79	10.64	9.23
477	0.91	3.295	14.59	22.25	0.79	10.64	19.25
478	0.91	3.295	14.59	34.84	0.79	10.64	24.89
479	1.705	3.295	14.59	37.1	1.58	10.64	24.89
480	6.83	3.295	14.59	37.1	10.42	10.64	24.89
481	30.095	3.295	14.59	37.1	51.0	10.64	24.89
482	40.58	3.295	14.73	37.1	66.63	10.64	24.89
483	40.58	3.86	16.78	46.4	66.63	16.43	24.89
484	18.785	5.975	23.65	61.22	47.55	31.32	31.62
485	4.26	10.19	23.65	60.93	18.92	50.78	43.7
486	2.23	29.325000000000006	23.65	60.93	10.42	53.23	75.94
487	1.4	47.61	21.26	52.33	8.06	47.14	75.94
488	1.225	37.15	7.54	31.29	7.05	28.51	65.8
489	1.225	32.38	5.01	20.34	7.05	24.67	56.68
490	1.225	31.18	3.57	8.97	7.05	21.14	45.78
491	1.225	31.18	3.5	4.88	7.05	21.14	41.34
492	1.225	31.18	3.5	3.77	7.05	21.14	41.34
493	1.225	31.18	3.5	3.77	7.05	21.14	41.34
494	1.225	31.18	3.5	3.77	7.05	21.14	41.34
495	1.225	31.18	3.5	3.77	7.05	21.14	41.34
496	1.225	31.18	3.5	3.77	7.05	21.14	41.34
497	1.225	31.18	3.5	3.77	7.05	21.14	41.34
498	1.225	31.18	3.5	3.77	7.05	21.14	41.34
499	1.225	31.18	3.5	3.77	5.78	21.14	41.34
500	1.225	31.18	3.5	3.77	5.78	21.14	41.34
501	1.225	31.18	3.5	3.77	5.78	16.95	31.46
502	1.225	31.18	3.5	3.77	5.78	16.95	25.19
503	1.525	31.18	3.5	3.77	5.78	16.95	22.86
504	1.525	32.0	3.5	3.77	5.78	16.95	16.8
505	1.525	32.54	3.5	3.77	5.78	16.95	15.91
506	1.525	32.54	4.48	3.77	5.78	16.95	15.91
507	1.525	35.66	7.61	4.67	5.78	16.95	15.91
508	1.525	33.53	18.96	7.66	5.78	16.95	15.91
509	1.525	33.53	17.54	16.42	5.78	16.95	15.91
510	1.525	33.53	14.14	16.42	5.78	16.95	15.91
511	1.525	33.53	14.14	16.42	5.78	16.95	15.91
512	1.525	22.83	14.14	16.42	5.78	16.95	15.91
513	1.525	17.705	14.14	16.42	5.78	16.95	15.91
514	2.345	17.705	14.14	16.42	7.47	16.95	15.91
515	2.7	17.705	14.14	16.42	7.47	16.95	15.91
516	2.7	17.705	14.14	26.18	7.47	27.95	15.91
517	2.7	17.705	14.14	34.91	7.47	27.95	15.91
518	2.7	17.705	14.14	34.91	7.47	27.95	15.91
519	2.7	17.705	14.14	34.91	7.47	27.95	15.91
520	2.7	17.705	14.14	34.91	7.47	27.95	21.36
521	4.4700000000000015	17.705	14.14	34.91	9.48	27.95	27.36
522	11.69	17.705	14.14	34.91	16.44	27.95	21.13
523	17.26	17.705	14.14	36.84	20.02	37.13500000000001	14.89
524	36.91	17.705	18.61	36.84	20.02	43.33	14.89
525	40.67	17.705	18.61	36.84	18.935	43.33	14.89
526	40.67	17.705	22.0	20.6	18.935	43.33	14.89
527	40.67	17.705	24.18	13.66	18.935	43.33	14.89
528	48.065	20.75	28.75	11.44	18.935	53.11	14.89
529	44.41	30.89	49.02	9.47	18.935	71.11	14.89
530	44.41	44.92	52.45	9.47	18.935	82.9	14.89
531	30.475	68.2	52.45	9.47	18.935	85.79	14.89
532	18.49	68.2	52.45	9.47	18.935	85.79	14.89
533	14.93	68.2	52.45	9.47	18.935	85.79	14.89
534	14.85	68.2	52.45	9.47	18.935	85.09	14.89
535	14.85	68.2	48.43	9.47	18.935	76.24	14.89
536	14.85	68.2	44.28	9.47	18.935	72.24000000000002	14.89
537	14.85	65.2	38.17	9.47	18.935	65.35	15.07
538	14.85	49.96	28.68	9.47	18.935	39.89	15.07
539	14.85	41.42	24.97	9.47	25.98	32.98	23.64
540	14.85	27.93	24.97	9.47	34.53	32.98	32.92
541	14.85	16.21	24.97	9.47	32.17	30.73	35.3
542	14.85	11.82	24.97	9.47	30.83	25.07	32.04
543	14.85	11.08	24.97	9.47	30.83	25.07	30.77
544	14.85	11.08	24.97	14.79	30.83	25.07	30.77
545	14.85	11.08	24.97	15.21	30.83	25.07	30.77
546	14.85	11.08	24.97	10.89	30.83	25.07	30.77
547	14.85	11.08	24.97	9.32	30.83	25.07	30.77
548	14.93	11.08	24.97	9.32	30.83	25.07	30.77
549	16.205	11.08	24.97	9.32	30.83	25.07	30.77
550	13.18	11.08	24.97	9.32	16.72	25.07	30.77
551	8.61	11.08	24.97	9.32	5.86	25.07	30.77
552	3.85	11.08	24.97	9.32	2.11	25.07	30.77
553	3.28	11.08	24.97	9.32	1.61	25.07	28.08
554	3.28	11.08	25.58	9.32	1.61	25.07	28.08
555	3.28	11.08	25.58	9.32	1.61	25.07	28.08
556	3.28	11.08	25.58	9.32	1.61	25.07	28.08
557	3.28	11.08	25.2	9.32	1.61	31.43	28.08
558	3.28	17.6	17.09	9.32	1.61	30.46	28.08
559	3.28	35.51	13.75	9.32	1.61	24.12	28.08
560	3.28	33.86	13.75	9.32	1.61	24.12	21.21
561	3.28	32.405	13.75	9.75	1.61	23.61	12.66
562	3.28	15.87	13.75	10.47	1.61	9.95	7.7
563	3.28	7.92	13.75	9.08	1.61	2.42	6.84
564	3.28	4.79	13.75	6.33	1.61	1.22	6.84
565	3.28	3.76	13.25	6.33	1.61	0.71	6.84
566	3.28	3.76	13.25	6.33	1.61	0.71	6.84
567	3.28	3.76	13.25	6.33	1.61	0.71	6.84
568	3.99	3.76	13.25	6.33	2.82	0.71	6.84
569	6.27	3.76	13.25	6.33	5.085	0.71	6.84
570	8.045	3.76	13.25	6.33	7.52	0.71	6.84
571	16.16	3.76	13.25	6.33	13.72	0.71	6.84
572	31.28	3.76	13.25	6.33	13.72	0.71	6.84
573	33.0	3.76	13.25	6.33	13.72	0.71	6.84
574	33.0	3.76	13.25	6.33	13.72	0.71	6.84
575	33.0	3.76	13.25	6.33	13.72	0.71	6.84
576	33.0	3.76	13.25	6.33	13.72	0.71	6.84
577	33.0	3.76	13.25	6.33	13.72	0.71	6.84
578	33.0	3.76	13.25	6.33	13.72	0.71	7.8
579	33.0	3.76	13.25	7.99	13.72	0.71	11.15
580	39.56	6.47	17.4	13.32	17.62	1.28	15.41
581	39.56	10.455	17.49	34.04	24.62	3.55	22.98
582	30.14	22.69	17.49	34.04	24.62	17.29	22.98
583	27.41	43.02	17.49	34.04	24.62	24.4	22.98
584	27.41	46.81	17.49	34.04	24.62	24.4	22.98
585	27.41	46.81	17.49	34.04	24.62	24.4	22.98
586	27.41	41.175	17.49	34.04	24.62	24.4	22.98
587	27.41	35.95	17.49	34.04	28.34	24.4	26.11
588	27.41	35.95	17.49	34.04	30.395	24.4	33.92
589	27.41	35.95	17.49	34.04	54.95	45.78	31.88
590	27.41	34.8	17.49	34.04	57.405	37.94	21.96
591	27.41	28.47	17.49	34.04	53.51	36.21	18.69
592	27.41	24.56	17.49	34.04	53.51	36.11	18.69
593	27.41	21.845	24.94	41.84	53.51	36.11	18.69
594	27.41	21.845	25.75	40.97	53.51	36.11	18.69
595	27.41	21.845	25.75	38.33	53.51	36.11	18.69
596	27.41	21.845	25.75	38.33	53.51	36.11	18.69
597	32.18	21.845	25.75	38.33	53.51	36.11	18.69
598	47.85	21.845	25.75	38.33	53.51	23.12	18.69
599	36.51	17.07	25.75	38.33	43.73	19.23	18.69
600	9.43	17.07	25.75	38.33	17.645000000000003	19.23	18.69
601	6.56	16.455	25.75	38.33	12.505	19.23	18.69
602	6.44	16.455	25.75	38.33	9.995	19.23	18.69
603	6.44	16.455	25.75	38.33	9.995	19.23	18.69
604	6.44	16.455	25.75	26.79	9.995	19.23	18.69
605	6.44	16.455	18.98	15.59	9.995	19.23	18.69
606	6.44	16.455	14.85	10.66	9.995	19.23	24.37
607	6.44	16.455	14.26	10.66	9.995	19.23	27.66
608	6.44	16.455	14.26	10.66	9.995	19.23	27.66
609	6.44	16.455	14.26	10.66	9.995	19.23	27.66
610	6.44	13.93	14.26	10.66	9.995	19.23	27.66
611	6.44	12.26	14.26	10.66	9.995	19.23	27.66
612	6.44	12.26	14.26	10.66	9.995	19.23	27.66
613	6.44	12.26	14.26	10.66	9.995	19.23	27.66
614	6.44	12.26	14.26	10.66	9.995	15.35	34.24
615	6.44	10.84	14.26	10.66	9.995	3.46	37.0
616	10.13	7.17	14.26	10.66	18.97	1.98	37.0
617	10.29	5.08	12.61	8.0	18.97	1.19	34.22
618	14.36	5.08	12.2	4.7	18.72	1.19	33.69
619	13.98	5.08	12.2	3.35	17.45	1.19	33.16
620	12.61	5.08	12.2	3.16	16.17	1.19	31.07
621	12.61	5.08	12.2	3.16	16.17	1.19	31.07
622	12.61	5.08	12.2	3.16	16.17	1.19	31.07
623	12.61	5.08	12.2	3.16	16.17	1.19	31.07
624	12.61	5.08	12.2	3.16	16.17	1.19	31.07
625	12.61	5.08	12.2	3.16	16.17	1.19	31.07
626	12.61	5.08	12.2	3.16	16.17	1.19	7.72
627	12.61	5.08	12.2	3.16	16.17	1.19	3.13
628	12.61	5.08	8.17	3.16	15.04	1.19	1.33
629	12.61	5.08	7.01	3.16	10.85	1.19	1.08
630	12.61	5.08	7.01	3.16	10.85	1.19	0.96
631	12.61	5.08	7.01	3.16	10.85	1.31	0.96
632	12.61	7.689999999999999	7.01	3.16	10.85	2.44	0.96
633	12.61	8.3	7.01	3.16	10.85	4.865	0.96
634	12.61	8.3	7.01	3.16	10.85	10.02	0.96
635	17.57	8.3	7.01	6.09	10.85	10.02	0.96
636	23.71	8.3	7.01	16.29	10.85	10.02	0.96
637	23.71	8.3	7.01	16.29	10.85	10.02	0.96
638	23.71	8.3	7.01	16.29	10.85	10.02	0.96
639	23.71	8.3	7.01	16.29	10.85	10.02	0.96
640	23.71	8.3	7.01	16.29	10.85	10.02	0.96
641	23.71	8.3	7.01	16.29	10.85	10.02	0.96
642	23.71	8.3	7.01	16.29	10.85	10.02	0.96
643	23.71	8.3	7.01	16.29	10.85	10.02	0.96
644	23.71	8.3	9.64	16.29	12.715	10.02	1.08
645	23.71	8.3	9.97	16.29	14.305	10.02	1.57
646	30.56	8.3	9.97	18.05	25.41	19.12	5.38
647	35.94	8.535	14.02	35.63	41.42	26.26	13.21
648	35.94	13.72	21.8	35.63	41.42	40.29	13.21
649	35.94	26.22	23.55	35.63	41.42	43.11	13.21
650	35.94	26.22	23.55	35.63	41.42	43.11	13.21
651	35.94	26.22	23.55	35.63	41.42	43.11	13.21
652	35.94	26.22	23.55	32.33	41.42	43.11	13.21
653	35.94	26.22	16.73	12.42	41.42	33.46	13.21
654	39.24	26.22	13.71	9.13	41.42	24.29	13.21
655	39.24	22.01	11.2	7.51	41.42	24.18	13.21
656	39.24	21.57	10.54	7.51	41.42	24.18	13.21
657	39.24	21.57	10.54	7.51	47.14	24.18	18.6
658	39.24	21.57	10.54	7.51	47.14	24.18	27.15
659	39.24	21.57	10.54	7.51	47.14	24.18	35.17
660	39.24	21.57	10.54	7.51	47.14	24.18	35.17
661	55.41	14.99	10.54	7.51	47.14	24.18	35.17
662	55.41	8.0	10.54	7.51	47.14	24.18	35.17
663	55.41	8.0	10.54	7.51	47.14	24.18	35.17
664	55.41	8.0	10.54	7.51	47.14	24.18	35.17
665	56.47	8.0	10.54	7.51	47.14	24.18	35.17
666	58.525	8.0	10.54	7.51	47.14	24.18	35.17
667	58.525	8.0	10.54	7.51	47.14	24.18	35.17
668	58.525	8.0	10.54	7.51	47.14	24.18	35.17
669	53.235	8.0	10.54	7.51	34.55	18.51	33.47
670	47.325	8.0	9.97	11.41	28.4	13.98	29.42
671	35.945	8.0	6.81	10.19	19.34	7.76	22.81
672	35.945	8.0	6.81	10.19	19.34	7.76	22.81
673	35.945	8.0	6.81	10.19	19.34	7.76	22.81
674	35.945	8.0	6.81	10.19	19.34	7.76	12.77
675	35.945	8.0	6.81	10.19	19.34	7.76	1.54
676	35.945	5.535	6.81	10.19	19.34	7.76	0.48
677	35.945	3.92	6.81	10.19	19.34	7.76	0.32
678	35.945	3.92	6.81	10.19	16.384999999999998	7.76	0.24
679	35.325	3.92	6.81	10.19	13.96	7.76	0.24
680	35.325	3.92	6.81	10.19	13.525	7.76	0.24
681	35.325	3.92	6.81	10.19	13.525	7.76	0.24
682	35.325	3.92	6.81	10.19	13.525	7.76	0.24
683	33.05	3.92	6.81	10.19	13.525	7.76	0.24
684	33.05	3.92	6.81	10.19	13.525	7.76	0.24
685	33.05	3.92	10.16	11.11	13.525	9.44	0.24
686	33.05	3.92	13.86	15.64	13.525	9.44	0.24
687	21.19	3.92	8.52	19.28	13.525	9.44	0.24
688	13.91	3.92	5.22	13.46	13.525	6.5	0.24
689	11.65	3.92	4.15	10.87	13.525	6.5	0.24
690	11.65	3.92	4.15	10.87	13.525	6.5	0.24
691	11.65	3.92	4.15	10.87	13.525	6.5	0.24
692	11.65	4.51	4.15	10.87	13.525	6.5	0.24
693	11.65	4.51	4.15	10.87	13.525	6.5	0.24
694	11.65	4.51	4.15	10.87	13.525	6.5	0.43
695	11.65	4.51	4.15	10.87	13.525	6.5	1.47
696	11.65	4.51	4.15	10.87	13.59	6.5	8.73
697	11.65	4.51	4.15	10.87	13.59	6.5	8.74
698	11.65	4.51	4.15	10.87	13.59	6.5	8.74
699	11.65	4.51	4.15	10.87	13.59	6.5	8.74
700	11.65	4.51	4.15	10.87	13.59	6.5	8.74
701	11.65	4.51	4.15	10.87	13.59	6.5	8.74
702	11.65	4.51	4.15	10.87	13.59	6.5	8.74
703	11.65	4.51	4.15	10.87	13.59	8.33	8.74
704	22.065	8.0	6.74	11.02	18.035	9.79	8.74
705	34.28	9.43	8.38	11.02	27.24	9.79	8.74
706	43.99	9.43	8.38	11.02	40.535	9.79	12.36
707	40.33	9.43	8.38	11.02	49.29	9.79	19.48
708	32.8	9.43	8.38	11.02	49.29	9.79	33.71
709	32.6	9.43	8.38	11.02	49.29	9.79	33.71
710	32.6	9.43	8.38	11.86	49.29	9.79	33.71
711	32.6	9.43	8.38	11.86	49.29	9.79	33.71
712	29.36	9.43	7.53	8.75	37.24	9.79	28.77
713	21.985	9.43	6.68	5.57	31.26	9.79	23.29
714	18.445	9.43	5.31	5.04	27.4	9.79	21.63
715	18.445	10.77	5.31	5.04	27.4	12.235	21.63
716	18.445	12.02	5.31	5.04	27.4	13.68	21.63
717	18.445	12.02	5.31	5.04	27.4	13.68	21.63
718	18.445	12.02	5.31	5.04	27.4	13.68	21.63
719	18.445	12.02	5.31	5.04	27.4	13.68	21.63
720	18.445	12.02	5.31	5.04	27.4	13.68	21.63
721	18.445	12.02	5.31	5.04	27.4	13.68	21.63
722	18.445	12.02	5.31	5.04	27.4	13.68	21.63
723	18.445	12.02	5.31	5.04	27.4	13.68	21.63
724	18.445	12.02	5.31	5.04	27.4	13.68	21.63
725	18.445	12.02	5.31	5.04	27.4	13.68	21.63
726	18.445	12.02	5.31	5.04	27.4	13.68	21.63
727	18.445	12.02	5.31	5.04	27.4	13.68	21.63
728	18.445	14.29	7.04	5.04	27.4	15.15	21.63
729	25.68	21.7	9.05	9.13	27.405	19.045	25.19
730	29.62	23.48	24.27	30.87	27.405	30.86	25.19
731	29.62	23.48	28.15	46.85	27.405	32.86	25.19
732	29.62	23.48	28.15	47.29	27.405	32.86	25.19
733	33.995000000000005	32.26	28.15	47.29	40.69	42.12	30.52
734	33.995000000000005	43.75	28.15	47.29	46.65	48.32	38.56
735	33.995000000000005	43.75	28.15	47.29	46.65	48.32	48.42
736	33.995000000000005	43.75	26.98	43.64	46.65	48.32	60.09
737	50.45	55.73	26.98	43.64	60.03	61.23	68.45
738	74.84	65.00999999999999	26.98	36.17	73.77	63.84	68.45
739	83.95	65.37	26.98	36.17	85.69	66.68	68.45
740	83.95	65.37	26.98	36.17	91.29	67.735	68.45
741	83.95	68.345	26.98	36.17	91.29	75.13	68.45
742	83.95	77.33500000000002	26.98	36.17	87.03	81.69	83.28
743	83.95	70.08	26.98	36.17	82.25	81.69	84.1
744	83.95	70.08	26.98	36.17	82.25	81.69	84.1
745	83.95	70.08	26.98	36.17	82.25	81.69	84.1
746	83.95	70.08	26.98	36.17	82.25	81.69	84.1
747	82.68	70.08	26.98	36.17	82.25	81.69	84.1
748	63.26	70.08	26.98	36.17	80.73	81.89	84.1
749	40.77	70.08	26.98	36.17	61.28	81.89	70.13
750	39.2	70.08	26.98	36.17	55.675	76.0	60.89
751	39.2	66.55	27.53	36.17	55.675	74.85	60.89
752	39.2	65.44999999999999	27.53	46.11	55.675	70.60499999999998	60.89
753	39.2	65.44999999999999	27.53	63.53	55.675	70.60499999999998	60.89
754	39.2	65.44999999999999	27.53	57.87	55.675	70.60499999999998	60.89
755	39.2	65.44999999999999	27.53	57.87	55.675	70.60499999999998	60.89
756	39.2	65.44999999999999	27.53	57.87	55.675	70.60499999999998	60.89
757	39.2	40.9	27.53	57.87	55.675	61.16	22.22
758	39.2	24.39	27.53	57.87	35.31	42.35	6.01
759	38.63	12.97	23.58	57.87	18.59	11.99	2.16
760	21.82	3.62	17.52	43.21	7.04	3.22	1.01
761	13.77	1.945	10.33	31.54	4.89	1.43	0.73
762	11.25	1.315	7.35	24.94	4.89	1.13	0.73
763	9.8	1.23	6.33	21.29	4.89	0.71	0.73
764	9.8	1.23	6.33	18.23	4.89	0.71	0.73
765	9.8	1.23	6.33	6.51	4.89	0.71	0.73
766	9.8	1.23	5.9	4.22	4.89	0.71	0.73
767	9.8	1.23	4.86	4.22	4.89	0.71	0.73
768	9.8	1.23	4.01	4.22	4.89	0.71	0.73
769	9.8	1.23	4.01	4.22	4.89	0.71	0.73
770	9.8	1.23	4.01	4.22	4.89	0.71	0.73
771	5.69	1.23	4.01	4.22	3.345	0.71	0.73
772	4.175000000000002	1.23	4.01	4.22	2.3600000000000003	0.71	0.73
773	4.07	1.23	4.01	4.22	2.3600000000000003	0.71	0.73
774	4.07	1.23	4.01	4.22	2.3600000000000003	0.71	0.73
775	4.07	1.23	4.01	4.22	2.3600000000000003	0.71	0.73
776	4.07	1.23	4.01	4.22	2.3600000000000003	0.71	1.23
777	4.07	1.3250000000000002	4.01	4.22	2.3600000000000003	0.84	3.68
778	4.07	2.97	4.01	4.22	2.3600000000000003	1.93	9.33
779	4.07	5.85	4.01	4.22	2.3600000000000003	7.105	13.91
780	4.07	5.85	4.01	4.22	2.3600000000000003	14.005	13.91
781	4.07	5.85	4.01	6.78	2.3600000000000003	18.8	13.91
782	4.07	5.85	4.01	6.78	2.3600000000000003	18.8	11.87
783	4.07	5.85	6.82	6.78	2.3600000000000003	18.39	11.32
784	4.07	5.85	9.05	6.78	2.3600000000000003	18.39	11.32
785	4.07	5.85	9.05	6.78	2.3600000000000003	18.39	11.32
786	4.07	5.85	9.05	6.78	2.3600000000000003	18.39	11.32
787	4.13	5.85	9.05	6.78	3.28	18.39	11.32
788	6.13	5.85	9.05	6.78	5.51	18.39	11.32
789	10.25	5.85	9.05	6.78	7.265	18.39	11.32
790	5.41	5.85	9.05	6.78	7.265	18.39	11.32
791	1.835	9.15	9.05	6.78	7.265	18.39	11.32
792	0.9	22.385	9.05	6.93	2.295	18.39	11.32
793	0.71	6.99	9.05	6.93	1.4049999999999998	8.29	11.32
794	0.71	4.47	8.96	6.93	1.4049999999999998	4.23	11.32
795	0.71	1.81	4.08	6.93	1.4049999999999998	1.31	10.04
796	0.71	1.58	3.41	6.93	1.4049999999999998	0.775	8.18
797	0.71	1.58	2.93	5.03	1.4049999999999998	0.775	8.18
798	0.71	1.58	2.93	1.63	1.4049999999999998	0.775	8.18
799	0.71	1.58	2.93	1.34	1.4049999999999998	0.775	8.18
800	0.71	1.58	2.93	0.82	1.4049999999999998	0.775	8.18
801	0.71	1.58	2.93	0.72	1.4049999999999998	0.775	8.18
802	0.71	1.58	2.93	0.72	1.4049999999999998	0.775	8.18
803	0.71	1.58	2.93	0.72	1.4049999999999998	0.775	8.18
804	0.71	1.58	2.93	0.72	1.4049999999999998	0.775	8.18
805	0.71	1.58	2.93	0.72	1.4049999999999998	0.775	8.18
806	0.71	1.58	2.93	0.72	1.4049999999999998	0.775	8.18
807	0.71	1.58	2.93	0.72	1.4049999999999998	0.775	8.18
808	1.06	1.58	2.93	0.72	1.7	0.775	8.18
809	1.24	1.58	2.93	0.72	1.71	0.775	8.18
810	1.24	1.58	2.93	0.72	1.71	0.775	8.18
811	1.75	2.52	2.93	0.72	2.49	1.35	10.22
812	1.26	5.055	2.93	0.72	2.31	2.24	12.15
813	1.12	9.94	5.91	0.72	2.31	7.03	12.15
814	1.05	25.57	5.91	0.72	2.31	9.55	12.15
815	1.05	26.7	5.91	0.72	2.31	9.55	12.15
816	1.05	20.78	6.09	1.18	2.31	19.455	12.15
817	1.05	15.935	5.68	2.29	2.31	16.06	12.15
818	1.05	15.935	5.55	4.61	2.31	16.06	12.15
819	1.05	15.935	5.55	4.61	2.31	16.06	12.15
820	1.05	15.935	5.55	4.61	2.31	16.06	12.15
821	1.05	15.935	5.55	4.61	2.31	16.06	12.15
822	1.05	15.935	5.55	4.61	2.31	16.06	12.15
823	1.05	15.935	5.55	4.61	2.31	16.06	12.15
824	1.05	15.935	5.55	4.61	2.31	16.06	12.15
825	1.05	15.935	5.55	4.61	2.31	16.06	13.91
826	1.05	15.935	5.55	4.61	2.31	16.06	19.99
827	1.05	15.935	5.55	4.61	3.28	16.06	20.62
828	1.05	15.935	5.55	4.61	3.28	16.06	20.62
829	1.885	15.935	5.55	4.61	6.2	16.06	20.62
830	2.95	15.935	5.55	4.61	6.2	16.06	20.62
831	2.95	15.935	5.55	4.61	6.2	16.06	20.62
832	2.95	17.16	6.72	8.01	6.2	19.15	26.35
833	2.95	17.16	9.97	14.66	6.2	19.15	30.65
834	2.95	17.16	18.04	25.55	6.2	19.15	30.65
835	2.95	17.16	18.04	25.55	6.2	19.15	30.14
836	2.95	17.16	18.04	25.55	6.2	20.18	30.14
837	2.95	24.75	18.04	33.83	6.2	31.31	30.14
838	2.95	26.18	18.04	36.03	6.2	35.635	30.14
839	4.69	42.895	18.04	36.03	12.32	35.635	30.14
840	24.79	49.49	18.04	36.03	45.21	35.635	26.16
841	48.66	49.49	18.04	36.03	60.69499999999999	35.635	19.23
842	41.25	49.49	18.04	36.03	56.005	35.635	14.38
843	15.38	49.49	18.04	36.03	45.8	37.67	14.38
844	8.77	49.49	18.81	30.31	43.51	37.67	14.38
845	6.38	49.49	26.07	24.83	42.35	42.745	14.38
846	5.81	49.49	29.64	24.83	39.16	42.745	14.38
847	5.81	49.49	29.64	24.83	39.16	42.745	14.38
848	5.81	50.095	20.63	24.83	39.16	45.22	14.38
849	5.81	36.635	14.8	24.83	39.16	33.16	14.38
850	5.81	31.345	12.13	24.83	39.16	26.2	14.38
851	5.81	28.325	12.13	24.83	39.16	26.2	14.38
852	5.81	28.325	12.13	24.83	26.56	26.2	14.38
853	5.81	28.325	12.13	24.83	24.155	26.2	14.38
854	5.81	28.325	12.13	24.83	23.52	26.2	14.38
855	5.81	28.325	12.13	24.83	23.52	26.2	14.38
856	5.81	28.325	12.13	24.83	23.52	26.2	14.38
857	5.81	28.325	12.13	24.83	23.52	26.2	18.15
858	5.81	28.325	12.13	24.83	23.52	26.2	31.05
859	5.81	28.325	12.13	16.7	23.52	26.2	33.11
860	7.76	28.325	12.13	11.31	23.275	26.2	33.11
861	13.3	28.325	12.13	11.31	21.505	26.2	33.11
862	21.87	28.325	12.13	11.31	21.505	26.2	33.11
863	21.87	28.325	12.13	11.31	21.505	26.2	33.11
864	21.87	22.3	12.79	11.31	21.505	9.64	33.11
865	21.87	11.005	12.37	11.31	21.505	4.365	20.25
866	20.39	5.88	12.37	11.31	17.6	3.4850000000000003	15.52
867	20.39	5.88	12.37	11.31	17.6	3.4850000000000003	15.52
868	20.39	5.88	12.37	11.31	17.6	3.4850000000000003	15.52
869	17.21	5.88	12.37	11.31	17.6	3.4850000000000003	15.52
870	17.21	5.88	12.37	11.31	17.6	3.4850000000000003	15.52
871	17.21	5.88	12.37	11.31	17.6	3.4850000000000003	15.52
872	17.21	5.88	12.37	11.31	17.6	3.4850000000000003	15.52
873	17.21	5.88	12.37	11.31	17.6	3.4850000000000003	15.52
874	17.21	5.88	12.37	11.31	17.6	3.4850000000000003	15.52
875	17.21	5.88	12.37	12.96	17.6	3.4850000000000003	15.52
876	17.21	5.88	12.37	16.84	17.6	3.4850000000000003	15.52
877	17.21	5.88	12.37	16.84	17.6	3.4850000000000003	15.52
878	17.21	4.96	12.37	16.84	17.6	3.4850000000000003	15.52
879	17.21	4.96	12.37	16.84	17.6	3.4850000000000003	15.52
880	17.21	4.96	16.42	18.12	17.6	3.4850000000000003	15.52
881	17.21	4.96	29.72	30.3	18.79	8.67	18.32
882	17.21	4.4350000000000005	35.33	43.14	19.19	6.5	20.92
883	17.21	4.105	35.33	43.14	19.19	6.5	20.92
884	18.85	4.105	35.33	39.05	33.315	6.5	20.92
885	18.85	4.105	35.33	39.05	35.14	6.5	20.92
886	18.85	4.105	35.33	39.05	35.14	6.5	20.92
887	18.85	4.105	35.33	39.05	35.14	6.5	20.92
888	18.85	4.105	35.33	39.05	35.14	6.5	20.92
889	18.85	4.105	35.33	39.05	35.14	6.5	20.92
890	18.85	4.105	35.33	39.05	35.14	6.5	20.92
891	18.85	4.105	35.33	28.78	35.14	6.5	20.92
892	17.049999999999994	4.105	27.68	15.36	28.875	6.5	20.92
893	13.78	4.105	22.69	10.02	23.435	6.5	20.92
894	11.14	4.105	19.45	9.41	20.43	6.5	20.92
895	11.14	4.105	19.45	9.41	20.43	6.5	20.92
896	11.14	4.105	19.45	9.41	20.43	6.5	20.92
897	11.14	4.775	19.45	9.41	20.43	11.03	24.91
898	11.14	6.565	18.5	9.41	20.43	11.94	13.34
899	11.14	11.775	13.76	9.41	19.04	21.53	9.88
900	11.14	20.04	11.23	9.41	16.415	19.675	8.19
901	11.14	17.52	11.23	9.41	16.415	18.325	8.19
902	11.14	17.52	11.23	9.41	16.415	18.325	8.19
903	11.14	17.52	11.23	9.41	16.415	18.325	8.19
904	11.14	17.52	11.23	9.41	16.415	18.325	8.19
905	11.14	17.52	11.23	8.49	16.415	18.325	8.19
906	11.14	17.52	11.23	8.49	13.47	15.6	8.19
907	11.14	17.52	11.23	8.49	13.47	15.6	8.19
908	12.14	17.52	11.23	8.49	13.47	15.6	8.19
909	6.1850000000000005	17.52	11.23	8.49	9.71	15.6	8.19
910	3.72	17.52	11.23	6.16	4.85	15.6	8.19
911	3.59	17.52	11.23	4.63	3.95	15.6	8.19
912	3.59	17.52	11.23	4.63	3.95	15.6	8.19
913	3.59	17.52	11.23	4.63	3.95	15.6	8.19
914	2.58	17.52	11.23	4.63	3.95	15.6	8.19
915	0.765	19.380000000000006	11.55	4.63	1.5750000000000002	15.6	10.91
916	0.345	19.380000000000006	11.55	4.63	0.56	15.6	17.29
917	0.16	21.9	11.11	4.63	0.23	15.6	20.59
918	0.14	21.9	10.12	4.63	0.21	12.64	19.44
919	0.14	21.9	8.21	4.63	0.21	12.64	19.44
920	0.14	18.44	8.21	4.63	0.21	12.64	19.44
921	0.14	11.93	8.21	4.63	0.21	12.64	19.44
922	0.14	8.4	8.21	4.63	0.21	12.64	19.44
923	0.14	6.94	7.96	4.63	0.21	12.64	19.44
924	0.14	6.94	7.96	4.63	0.21	12.64	19.44
925	0.14	6.94	7.96	4.63	0.21	12.64	19.44
926	0.14	6.94	7.51	5.27	0.21	12.64	19.44
927	0.14	6.94	6.68	5.27	0.21	12.64	19.44
928	0.14	6.94	6.68	5.27	0.21	12.64	19.44
929	0.14	6.94	6.68	5.27	0.21	12.64	19.44
930	0.14	6.94	6.68	5.27	0.21	12.64	19.44
931	0.14	6.94	6.68	5.27	0.21	12.64	19.44
932	0.14	6.94	6.68	5.27	0.21	12.64	19.44
933	0.19	6.94	6.68	6.18	0.35	16.64	24.98
934	0.7949999999999999	6.94	6.68	12.69	1.5	16.64	26.89
935	5.18	6.94	6.68	25.92	9.51	16.64	26.89
936	35.965	6.94	6.68	25.92	37.23	16.64	26.89
937	42.92	8.26	6.68	25.92	43.935	16.95	26.89
938	55.595	8.26	6.68	25.92	45.925	16.95	26.89
939	60.06	8.26	6.68	25.92	45.925	16.95	26.89
940	60.06	8.26	6.68	25.92	43.82	16.95	16.33
941	60.06	8.26	6.68	25.92	32.415	16.95	7.91
942	58.1	8.26	9.47	25.92	21.065	16.95	5.22
943	52.04	8.26	9.47	20.71	17.450000000000006	16.95	4.6
944	47.55	8.26	8.13	9.41	17.450000000000006	16.95	4.6
945	38.91	8.26	8.13	6.12	17.450000000000006	16.42	4.6
946	30.47	8.26	8.13	3.96	17.450000000000006	12.51	4.6
947	29.8	8.26	8.13	3.96	17.450000000000006	9.62	4.6
948	29.8	8.26	8.13	3.96	17.450000000000006	9.62	4.6
949	29.8	8.8	8.13	3.96	17.450000000000006	9.62	4.6
950	29.8	8.8	8.13	3.96	17.450000000000006	9.62	4.6
951	29.8	8.8	8.13	3.96	17.450000000000006	9.62	4.6
952	29.8	8.8	8.13	3.96	17.450000000000006	9.62	4.6
953	29.8	8.8	8.13	3.96	17.450000000000006	9.62	4.6
954	29.8	8.8	8.13	3.96	17.450000000000006	9.62	4.6
955	29.8	8.8	8.13	3.96	17.450000000000006	9.62	4.6
956	29.8	8.8	8.13	3.96	17.450000000000006	9.62	4.6
957	29.8	8.8	8.13	3.96	17.450000000000006	9.62	4.6
958	29.8	8.8	9.15	3.96	19.665	9.62	6.34
959	27.13	8.8	8.83	3.96	23.5	9.62	11.73
960	20.07	8.8	8.83	3.96	26.62	9.62	19.31
961	18.24	8.8	8.83	5.2	30.37	12.59	25.59
962	18.24	8.8	8.83	8.02	31.655	21.17	27.57
963	18.24	8.8	7.28	13.96	31.655	26.31	30.42
964	18.24	12.55	5.21	18.09	31.655	27.42	34.91
965	18.24	12.55	3.48	18.09	31.655	20.54	29.13
966	18.24	12.55	3.44	18.09	31.655	20.54	27.38
967	18.24	12.55	3.44	18.09	31.655	20.54	27.38
968	18.24	12.55	3.44	18.09	31.655	14.83	27.38
969	18.24	12.55	3.44	17.61	35.62000000000001	12.58	27.38
970	18.24	12.55	3.44	12.86	35.62000000000001	12.58	27.38
971	18.24	12.55	3.44	12.86	35.62000000000001	12.58	27.38
972	18.24	12.55	3.44	12.86	34.32	12.58	27.38
973	18.24	12.55	3.44	12.86	34.32	12.58	27.38
974	18.24	12.55	3.44	12.86	34.32	12.58	27.38
975	18.24	12.55	3.44	12.86	34.32	12.58	27.38
976	28.42	12.55	3.44	12.86	24.89	12.58	16.61
977	38.47	12.55	3.44	11.48	19.295	12.58	13.28
978	38.47	12.55	3.44	11.48	16.83	12.58	11.03
979	38.47	16.27	3.44	11.48	10.77	12.58	7.25
980	38.5	20.87	6.17	11.48	10.75	12.58	6.05
981	37.825	20.28	8.49	11.48	10.75	12.58	6.05
982	37.825	20.28	18.22	11.48	10.75	12.58	6.05
983	37.825	20.28	22.66	11.48	10.75	14.63	6.05
984	37.825	20.28	22.66	6.82	10.75	13.39	6.05
985	36.54	20.28	22.66	5.13	10.75	13.39	6.05
986	27.525	20.28	22.01	4.89	10.75	13.39	6.05
987	25.35	20.28	20.56	4.22	10.75	13.39	6.05
988	25.35	20.28	20.56	4.22	10.75	13.39	6.05
989	19.805	20.28	20.42	4.22	10.75	13.39	6.05
990	11.63	20.28	20.42	4.22	10.75	13.39	6.05
991	8.515	20.28	20.42	4.22	10.75	13.39	6.05
992	7.87	20.28	20.42	4.22	10.75	13.39	6.05
993	7.87	20.28	20.42	4.22	10.75	13.39	6.05
994	7.87	20.28	20.42	4.22	10.75	13.39	6.05
995	7.87	22.67	15.62	4.22	13.99	13.39	6.76
996	7.87	23.42	12.78	4.22	16.33	13.39	8.34
997	7.87	23.42	10.81	4.22	16.33	13.39	12.08
998	7.87	23.63	10.81	4.22	16.33	13.9	22.61
999	7.87	28.200000000000006	10.81	4.22	16.33	16.63	22.61
1000	7.87	26.0	10.81	4.22	11.26	13.54	22.61
1001	5.92	20.73	10.81	4.22	6.32	9.74	21.19
1002	3.66	16.15	8.92	6.0	5.385	9.74	20.78
1003	3.66	14.57	7.75	12.83	4.97	9.74	20.78
1004	3.66	11.59	7.75	18.67	4.97	9.74	14.75
1005	3.66	2.93	7.75	18.67	4.97	9.74	10.69
1006	3.66	0.28500000000000003	7.75	17.18	4.97	4.69	5.94
1007	3.66	0.05	5.59	11.5	4.8599999999999985	1.82	3.61
1008	3.66	0.02	4.48	9.67	4.08	1.38	3.27
1009	3.66	0.02	4.48	9.67	4.08	0.89	2.72
1010	3.66	0.02	4.48	9.67	4.08	0.89	2.72
1011	3.66	0.02	4.48	5.34	4.08	0.89	2.72
1012	3.66	0.02	1.38	1.49	4.08	0.89	1.39
1013	3.66	0.02	1.12	1.06	4.08	0.89	0.94
1014	3.66	0.02	0.75	1.04	4.08	0.89	0.73
1015	3.66	0.02	0.75	1.04	4.08	0.89	0.73
1016	3.66	0.02	0.75	1.04	4.08	0.89	0.73
1017	4.869999999999999	0.02	0.75	1.04	4.08	0.89	0.73
1018	6.9849999999999985	0.02	0.75	1.04	4.08	0.89	0.73
1019	8.12	0.02	0.75	1.04	4.08	0.89	0.73
1020	8.12	0.02	0.75	1.04	4.08	0.89	0.73
1021	8.12	0.02	0.75	1.04	4.08	0.89	0.73
1022	8.12	0.02	0.75	1.04	4.08	0.89	0.73
1023	9.3	0.03	0.75	1.04	5.15	1.17	0.73
1024	11.715	0.11	0.75	1.04	5.225	1.17	0.73
1025	16.57	0.67	0.75	1.04	5.225	1.17	0.73
1026	16.57	0.7849999999999999	0.75	1.04	5.225	1.17	0.73
1027	16.57	0.7849999999999999	0.75	1.04	5.225	1.17	0.73
1028	16.57	1.165	1.29	1.07	5.5	1.88	0.73
1029	20.195	2.135	1.86	1.82	7.02	4.14	0.88
1030	24.045	6.48	6.51	7.11	15.259999999999998	15.22	1.45
1031	24.045	22.65	26.62	34.49	38.475	46.35	5.38
1032	24.045	28.95	59.41	52.66	54.09	71.94	24.12
1033	24.045	28.95	59.41	52.66	54.09	71.94	24.12
1034	24.045	28.95	59.41	52.66	54.09	71.94	24.12
1035	16.805	28.95	59.41	52.66	58.76	71.94	24.12
1036	12.34	28.95	59.41	52.66	59.92	71.94	24.12
1037	6.425000000000002	28.95	59.41	52.66	48.12	71.94	24.12
1038	5.98	33.71	59.41	52.66	45.59	71.94	24.12
1039	5.98	40.5	60.38	52.66	43.96	71.98	28.88
1040	4.53	49.94	23.01	47.77	18.82	51.34	28.88
1041	2.71	34.23	12.36	31.95	6.28	26.8	20.44
1042	1.5950000000000002	21.91	9.64	23.81	2.81	16.03	11.57
1043	1.28	16.71	8.92	21.04	2.08	13.395	9.4
1044	1.28	16.71	8.92	21.04	2.08	13.395	9.4
1045	1.28	16.71	8.92	21.04	2.08	13.395	9.4
1046	1.28	16.71	8.92	21.04	2.08	13.395	9.4
1047	1.28	16.71	8.92	21.04	2.08	13.395	9.4
1048	1.28	16.71	8.92	21.04	2.08	13.395	9.4
1049	1.28	16.71	8.92	21.04	2.08	13.395	9.4
1050	1.28	16.71	8.92	21.04	2.08	13.395	9.4
1051	1.28	16.71	8.92	21.04	2.08	13.395	9.4
1052	1.28	16.71	8.92	21.04	2.08	13.395	9.4
1053	1.28	16.71	8.92	21.04	2.08	13.395	9.4
1054	1.28	16.71	8.92	21.04	2.08	13.395	9.4
1055	1.28	16.71	8.92	19.47	2.08	13.395	9.4
1056	0.67	16.71	8.92	13.14	2.01	10.01	9.4
1057	0.34	11.0	8.41	12.7	0.62	8.33	9.4
1058	0.3	6.765	5.07	11.07	0.44	6.74	7.2
1059	0.3	6.12	4.3	11.07	0.44	5.85	6.41
1060	0.3	6.12	4.3	11.07	0.44	5.85	6.41
1061	0.3	6.12	4.3	11.07	0.44	5.85	6.41
1062	0.3	6.12	4.3	11.07	0.44	5.85	6.41
1063	0.3	6.12	4.3	11.07	0.44	5.85	6.41
1064	0.3	6.12	4.3	11.07	0.44	5.85	6.41
1065	0.3	6.12	4.3	11.07	0.44	5.85	6.41
1066	0.3	6.12	4.3	11.07	0.44	5.85	6.41
1067	0.3	6.12	4.3	11.07	0.44	5.85	5.64
1068	0.3	6.12	4.3	11.07	0.44	5.85	3.67
1069	0.3	6.12	4.3	11.07	0.44	5.85	3.51
1070	0.3	6.12	4.3	11.07	0.44	5.85	3.51
1071	0.3	6.12	4.3	11.07	0.44	5.85	3.51
1072	0.3	6.12	4.3	11.07	0.44	5.85	3.51
1073	0.44	6.12	4.3	12.38	0.635	5.85	3.51
1074	1.57	7.33	7.05	14.2	2.055	10.44	3.51
1075	7.305	7.33	8.41	9.63	6.395	15.84	3.51
1076	23.125	7.33	8.41	6.3	19.26	20.34	3.51
1077	23.125	7.33	8.41	5.3	21.31	20.34	3.51
1078	24.99	7.33	8.41	5.3	21.31	20.34	3.51
1079	27.75	7.33	8.41	5.3	21.31	20.34	3.51
1080	27.75	7.33	8.41	5.3	21.31	20.34	3.51
1081	27.75	7.33	8.41	5.3	21.31	20.34	3.51
1082	27.75	7.33	8.41	5.3	21.31	20.34	3.51
1083	27.75	7.33	8.41	5.3	21.31	20.34	3.51
1084	27.75	7.33	8.41	5.3	21.31	21.7	4.37
1085	27.75	7.33	8.41	5.3	23.2	21.7	4.12
1086	37.77	7.54	11.46	5.3	36.18	30.74	3.03
1087	49.55	7.54	25.43	5.3	37.12	35.94	3.03
1088	41.5	13.22	23.99	3.96	37.12	25.945	3.03
1089	26.095	24.86	18.41	2.99	37.12	20.64	3.03
1090	16.565	31.63	14.39	2.33	37.12	13.75	3.03
1091	13.345	27.2	13.58	2.11	37.12	13.085	3.03
1092	13.345	27.2	13.58	2.11	37.12	13.085	3.03
1093	13.345	27.2	13.58	2.11	37.12	13.085	3.03
1094	13.345	27.2	13.58	2.11	37.12	13.085	3.03
1095	13.345	27.2	13.58	2.11	33.8	13.085	3.03
1096	13.345	27.2	5.67	2.11	19.73	13.085	3.03
1097	11.545	27.2	2.36	2.11	16.65	11.11	3.03
1098	8.96	27.2	1.67	2.11	13.71	8.565	3.03
1099	8.96	27.2	1.24	2.11	13.71	7.85	3.03
1100	8.96	27.2	1.24	2.11	13.71	7.85	3.03
1101	8.96	27.2	1.24	2.11	13.71	7.85	4.42
1102	8.96	27.2	1.24	2.11	13.505	7.85	7.53
1103	8.96	27.2	1.24	2.11	9.08	7.85	7.73
1104	8.96	27.2	1.24	2.11	8.35	7.85	7.73
1105	8.96	27.2	1.24	2.11	7.36	7.85	7.73
1106	8.96	29.11	1.24	2.86	7.36	7.85	7.73
1107	8.96	29.11	1.24	5.47	7.36	7.85	7.73
1108	8.96	15.81	1.24	3.86	7.36	5.565	7.73
1109	8.96	6.85	1.24	1.46	7.36	2.015	7.73
1110	8.96	4.5600000000000005	1.24	0.89	7.36	1.2	7.73
1111	8.96	3.83	1.24	0.89	7.36	1.2	7.73
1112	8.96	3.83	1.24	0.89	7.36	1.2	7.73
1113	11.275	3.83	1.85	0.89	7.36	1.2	7.73
1114	11.275	3.83	2.88	0.89	7.36	1.2	7.73
1115	11.275	3.83	2.88	0.89	7.36	1.2	7.73
1116	11.275	3.83	2.88	0.89	7.36	1.2	7.73
1117	11.275	3.83	2.88	0.89	7.36	1.2	7.73
1118	11.275	3.83	2.88	0.89	7.36	1.2	8.84
1119	11.275	3.83	2.88	0.89	7.36	1.2	12.82
1120	14.98	3.83	2.88	0.89	12.23	1.2	20.77
1121	18.7	3.83	2.88	0.89	18.255000000000006	1.2	25.43
1122	18.7	3.83	2.88	0.89	18.255000000000006	1.2	25.43
1123	18.7	3.83	2.88	0.89	18.255000000000006	1.2	25.43
1124	18.7	3.83	2.88	0.89	18.255000000000006	1.2	25.43
1125	36.23	12.48	4.73	2.41	33.175	5.44	47.36
1126	19.905	7.48	5.65	6.77	31.12	2.68	41.41
1127	14.0	7.48	5.65	8.1	17.45	2.68	41.41
1128	9.315	7.48	5.65	8.1	10.36	2.68	41.41
1129	7.62	7.48	5.65	8.1	8.62	2.68	41.41
1130	7.62	7.48	5.65	8.1	8.62	2.68	41.41
1131	7.62	7.48	5.65	8.1	8.62	2.68	37.61
1132	7.62	7.48	5.65	8.1	8.62	2.68	32.47
1133	7.62	7.48	5.65	8.1	8.62	2.68	32.47
1134	7.62	7.48	5.33	8.1	8.62	2.68	29.99
1135	7.62	7.48	5.33	8.1	8.62	2.68	29.99
1136	7.62	7.48	5.33	8.1	8.62	2.68	29.99
1137	7.62	7.48	5.33	8.1	8.62	2.68	29.99
1138	7.62	7.48	5.33	8.1	8.62	2.68	29.99
1139	7.62	7.48	5.33	8.1	8.62	2.68	29.99
1140	7.62	12.84	5.33	9.81	8.62	5.37	29.99
1141	7.62	18.44	5.33	14.03	8.62	4.1549999999999985	29.99
1142	7.62	18.44	5.33	14.03	8.62	4.1549999999999985	29.99
1143	7.62	18.44	5.33	14.03	8.62	4.1549999999999985	29.99
1144	11.42	23.17	5.33	14.03	13.8	4.1549999999999985	29.99
1145	13.14	23.17	5.33	14.03	19.49	4.1549999999999985	29.99
1146	21.22	23.17	5.33	14.03	19.49	4.1549999999999985	29.99
1147	23.12	23.17	5.33	14.03	19.49	4.1549999999999985	29.99
1148	23.12	23.17	5.33	10.97	19.49	4.1549999999999985	29.99
1149	18.42	24.71	3.08	6.22	23.87	4.1549999999999985	27.27
1150	14.52	24.71	2.34	5.06	22.02	4.1549999999999985	21.67
1151	11.925	23.67	2.11	4.88	18.08	4.1549999999999985	19.86
1152	10.06	23.67	2.11	4.88	18.08	4.1549999999999985	19.09
1153	10.06	23.67	2.11	4.88	18.08	4.1549999999999985	19.09
1154	10.06	23.67	2.11	4.88	18.08	4.1549999999999985	19.09
1155	10.06	23.67	2.11	4.88	18.08	5.76	19.09
1156	10.06	23.67	2.11	4.88	18.08	5.76	19.09
1157	10.06	23.67	2.11	4.88	18.08	5.76	19.09
1158	10.06	23.67	2.11	4.88	18.08	5.76	19.09
1159	10.06	23.67	2.11	4.88	18.08	5.76	19.09
1160	10.06	23.67	2.11	4.88	18.08	5.76	19.09
1161	10.06	23.67	2.11	4.88	18.08	5.76	19.09
1162	10.06	12.85	2.11	4.88	18.08	5.76	19.09
1163	10.06	7.07	2.11	4.88	18.08	5.76	19.09
1164	10.06	4.57	2.11	4.88	18.08	5.76	19.09
1165	10.06	1.705	2.6	5.31	18.57	4.105	19.09
1166	10.06	0.6799999999999999	3.45	5.96	18.57	2.62	19.09
1167	15.39	0.405	6.05	8.0	22.43	2.05	18.24
1168	30.88	0.28	5.65	8.82	28.75	1.73	18.24
1169	30.88	0.28	5.65	8.82	23.29	1.73	18.24
1170	30.88	0.28	5.65	8.82	18.35	1.73	18.24
1171	26.92	0.28	5.65	8.21	15.73	1.73	18.24
1172	23.725	0.28	5.65	6.69	12.02	1.73	18.24
1173	23.725	0.28	5.65	6.69	12.02	1.73	18.24
1174	23.725	0.28	5.65	6.69	6.26	1.73	18.24
1175	23.725	0.28	5.65	6.69	3.915	1.73	18.24
1176	20.19	0.28	5.65	6.69	1.56	1.73	7.27
1177	17.89	0.28	5.65	6.69	1.35	1.73	3.51
1178	17.89	0.28	5.65	6.69	1.35	1.73	1.73
1179	17.89	0.28	5.65	6.69	1.35	1.73	0.98
1180	17.89	0.28	5.65	6.69	1.35	1.73	0.78
1181	17.89	0.28	5.65	6.69	1.35	1.73	0.78
1182	17.89	0.475	6.77	6.69	1.35	3.06	0.78
1183	17.89	1.065	9.23	6.69	1.35	5.91	0.78
1184	17.89	2.77	9.23	6.69	1.35	8.86	0.78
1185	17.89	13.3	9.23	6.69	1.35	16.67	0.78
1186	17.89	30.4	9.23	6.69	1.35	16.67	0.78
1187	17.89	31.25	11.42	8.24	1.35	20.58	0.78
1188	17.89	31.25	18.38	13.75	1.35	31.62	0.78
1189	17.89	31.25	18.71	13.75	1.35	32.41	0.78
1190	17.89	31.25	24.9	13.75	1.35	32.41	0.78
1191	17.89	31.25	27.31	13.75	1.35	32.41	0.78
1192	25.14	31.25	27.31	13.75	1.7799999999999998	32.41	0.78
1193	30.51	31.25	27.31	13.75	4.69	32.41	0.78
1194	30.51	31.25	27.31	13.75	6.29	32.41	0.78
1195	30.51	32.75	28.96	13.75	7.81	32.41	0.78
1196	33.065	44.04	28.96	13.75	15.36	32.41	1.13
1197	33.065	44.04	28.96	13.75	26.05	32.41	3.57
1198	33.065	44.04	28.96	13.75	26.05	32.41	20.06
1199	33.065	45.06	28.96	13.75	26.05	32.41	34.24
1200	33.065	45.06	28.96	13.75	26.05	32.41	34.24
1201	33.065	45.06	28.96	13.75	26.05	32.41	34.24
1202	33.065	45.06	28.96	26.63	26.05	32.41	43.64
1203	33.065	45.06	28.96	26.63	26.05	32.41	57.9
1204	32.99	55.18	32.64	26.63	26.05	38.32	70.21
1205	30.31	55.97	51.98	26.63	26.05	44.825	72.5
1206	30.27	55.97	51.98	26.63	26.05	44.825	72.5
1207	30.27	55.97	51.98	26.63	26.05	48.36	72.5
1208	30.27	64.27	56.73	29.05	29.81	55.72	72.7
1209	30.27	75.84	64.22	30.7	32.4	67.625	73.85
1210	30.27	83.005	64.22	30.7	32.4	67.625	73.85
1211	30.27	83.005	64.22	42.69	32.4	67.625	73.85
1212	30.27	67.28	64.22	59.45	32.4	67.625	73.85
1213	30.27	57.68	64.22	59.45	37.23	65.74	83.26
1214	30.27	40.36	64.22	59.45	37.23	56.23	78.1
1215	30.27	34.28	64.22	60.53	49.3	56.23	72.4
1216	30.27	28.77	64.22	64.82	65.39	54.44	67.87
1217	30.27	28.77	64.22	73.98	65.39	54.44	67.87
1218	30.27	28.77	64.22	77.06	65.39	54.44	67.87
1219	30.27	28.77	64.22	77.06	66.39	54.44	67.87
1220	36.72	28.77	64.22	77.06	70.08	54.44	67.87
1221	36.82	28.77	64.22	77.06	78.67500000000003	54.44	67.87
1222	36.82	28.77	64.22	77.06	78.89	54.44	67.87
1223	36.82	28.77	67.74	77.06	78.94	54.44	67.87
1224	36.82	28.77	70.8	77.06	78.94	54.44	67.87
1225	36.82	28.77	73.53	77.06	78.94	54.44	67.87
1226	48.25	28.77	73.53	77.06	78.94	54.44	67.87
1227	51.98	28.77	73.53	77.06	78.94	54.44	67.87
1228	51.98	28.77	73.53	77.06	78.94	54.44	67.87
1229	51.98	28.77	73.53	77.06	78.94	54.44	67.87
1230	51.98	28.77	73.53	77.06	78.94	54.44	67.87
1231	61.45	38.07	80.98	79.99	85.565	61.6	74.03
1232	72.86	54.46	81.41	84.45	90.49	72.99	83.54
1233	83.21	69.82	85.11	84.72	95.0	81.44	91.23
1234	95.0	95.0	93.27	90.38	95.0	93.63	95.0
1235	95.0	95.0	93.27	93.85	95.0	95.0	95.0
1236	95.0	95.0	93.52	93.98	95.0	95.0	95.0
1237	95.0	95.0	93.52	93.98	95.0	95.0	95.0
1238	95.0	95.0	95.0	95.0	95.0	95.0	95.0
1239	95.0	95.0	95.0	95.0	95.0	95.0	95.0
1240	95.0	95.0	95.0	95.0	95.0	95.0	95.0
1241	95.0	95.0	95.0	95.0	95.0	95.0	95.0
1242	95.0	95.0	95.0	95.0	95.0	95.0	95.0
1243	95.0	95.0	95.0	95.0	95.0	95.0	95.0
1244	95.0	95.0	95.0	95.0	95.0	95.0	95.0
1245	95.0	95.0	95.0	95.0	95.0	95.0	95.0
1246	95.0	95.0	95.0	95.0	95.0	95.0	95.0
1247	95.0	95.0	91.89	82.7	95.0	93.38	95.0
1248	92.15	93.415	74.19	64.59	95.0	89.27	95.0
1249	90.82	91.715	56.16	45.43	92.315	83.985	94.62
1250	76.37	89.58500000000002	33.74	23.14	84.34	79.34	88.34
1251	64.74	79.095	27.28	15.67	79.32	72.07	73.32
1252	61.89	69.955	24.87	13.23	76.0	67.69	67.59
1253	43.53	59.42	20.31	9.2	67.82	41.72	44.03
1254	43.53	47.27	20.31	9.2	62.96	41.72	41.51
1255	43.53	47.27	20.31	9.2	62.96	41.72	41.51
1256	43.53	47.27	20.31	9.2	62.96	41.72	41.51
1257	19.53	38.98	20.31	9.2	38.56999999999999	41.72	41.51
1258	14.19	27.975	20.31	9.2	27.07	41.72	41.51
1259	9.975	19.005000000000006	20.31	9.2	23.6	39.03	41.51
1260	9.975	19.005000000000006	20.31	9.2	23.6	39.03	41.51
1261	9.975	19.005000000000006	20.31	9.2	23.6	39.03	41.51
1262	9.975	19.005000000000006	20.31	9.2	23.6	39.03	41.51
1263	9.975	19.005000000000006	20.31	9.2	23.6	39.03	41.51
1264	9.975	19.005000000000006	20.31	9.2	23.6	39.03	41.51
1265	9.975	19.005000000000006	20.31	9.2	23.6	39.03	41.51
1266	9.975	19.005000000000006	20.31	9.2	23.6	39.03	41.51
1267	9.975	19.005000000000006	24.97	12.6	23.6	39.03	41.51
1268	9.975	19.005000000000006	31.24	19.25	23.6	39.03	41.51
1269	9.975	19.005000000000006	40.3	29.2	23.6	39.03	48.08
1270	9.975	19.005000000000006	72.45	29.2	23.6	39.03	50.76
1271	9.975	19.005000000000006	72.45	29.2	23.6	39.03	50.76
1272	9.975	19.005000000000006	74.85	29.2	23.6	39.03	50.76
